QLEV,QAGY,QTST
NCLR N703,CSTM,CON703    
HMAC LV1A,HMA ,TX200PI   
HMAC LV1A,HMA ,TX200     
HMAC LV1A,HMA ,TX206     
HMAC LV1A,HMA ,TX207PI   
HMAC LV1A,HMA ,TX207PVI  
HMAC LV1A,HMA ,TX212     
HMAC LV1A,HMA ,TX221     
HMAC LV1A,HMA ,TX222     
HMAC LV1A,HMA ,TX225     
HMAC LV1A,HMA ,TX227     
HMAC LV1A,HMA ,TX233     
HMAC LV1A,HMA ,TX235     
HMAC LV1A,HMA ,TX236     
HMAC LV1A,HMA ,TX241     
HMAC LV1A,HMA ,TX500     
HMAC LV1A,HMA ,TX530     
HMAC LV1A,HMA ,TX207PVIII
HMAC LV1E,HMA ,TX200     
HMAC LV1E,HMA ,TX206     
HMAC LV1E,HMA ,TX207     
HMAC LV1E,HMA ,TX212     
HMAC LV1E,HMA ,TX217PI   
HMAC LV1E,HMA ,TX217PII  
HMAC LV1E,HMA ,TX217PIII 
HMAC LV1E,HMA ,TX221     
HMAC LV1E,HMA ,TX222     
HMAC LV1E,HMA ,TX225     
HMAC LVL2,HMA ,TX107     
HMAC LVL2,HMA ,TX203     
HMAC LVL2,HMA ,TX204     
HMAC LVL2,HMA ,TX205     
HMAC LVL2,HMA ,TX226     
HMAC LVL2,HMA ,TX236     
HMAC LVL2,HMA ,TX242     
HMAC LVL2,HMA ,TX245     
HMAC LVL2,HMA ,TX280     
HMAC LVL2,HMA ,TX408     
HMAC LVL2,HMA ,TX460     
HMAC LVL2,HMA ,TX461     
SOIL 101,HMA ,TX101PI   
SOIL 101,HMA ,TX101PII  
SOIL 101,HMA ,TX102     
SOIL 101,HMA ,TX103     
SOIL 101,HMA ,TX104     
SOIL 101,HMA ,TX105     
SOIL 101,HMA ,TX106     
SOIL 101,HMA ,TX107     
SOIL 101,HMA ,TX110PI   
SOIL 101,HMA ,TX116PI   
SOIL 101,HMA ,TX116PII  
SOIL 101,HMA ,TX400     
SOIL 102,HMA ,TX100     
SOIL 102,HMA ,TX101P3   
SOIL 102,HMA ,TX103     
SOIL 102,HMA ,TX115     
SOIL 102,HMA ,TX140     
SOIL 102,HMA ,TX400     
SOIL 103,HMA ,TX100     
SOIL 103,HMA ,TX101PI   
SOIL 103,HMA ,TX101PII  
SOIL 103,HMA ,TX400     
SOIL 103,HMA ,TX128     
SOIL 103,HMA ,TX129     
SOIL 103,HMA ,TX145     
HMAC LV1E,HMA ,TX227     
HMAC LV1E,HMA ,TX233     
HMAC LV1E,HMA ,TX236     
HMAC LV1E,HMA ,TX241     
HMAC LV1E,HMA ,TX500     
HMAC LV1E,HMA ,TX530     
HMAC LV1B,HMA ,TX207     
AEIN AENG,AE  ,TXTRAEI   
AEIN PILE,AE  ,TXPLNG    
AEIN DRSF,AE  ,TXDRLSHFT 
NCLR N702,CSTM,CON702    
NCLR N703,CSTM,TXOJT     
NSIT AUD ,DIST,TXAUD     
NSIT INV ,DIST,TXINV     
NSIT EXP ,DIST,TXSITE    
HMAC LV1B,HMA ,TX225     
HMAC LV1B,HMA ,TX244     
SOIL 201,HMA ,TX100     
SOIL 201,HMA ,TX101PII  
SOIL 201,HMA ,TX113     
SOIL 201,HMA ,TX114     
SOIL 201,HMA ,TX142     
SOIL 201,HMA ,TX400     
SOIL 202,HMA ,TX100     
SOIL 202,HMA ,TX101PII  
SOIL 202,HMA ,TX117     
SOIL 202,HMA ,TX120     
SOIL 202,HMA ,TX121     
HMAC LV1B,HMA ,TX222     
HMAC LV1B,HMA ,TX246     
HMAC LV1B,HMA ,TX500     
HMAC LV1E,HMA ,TX217     
RIDE RIDa,RIDE,TX1001    
HMAC LV1B,HMA ,TX207VII  
CONC STTG,ACI1,TX418     
CONC STTG,ACI1,TX450PI   
CONC STTG,ACI1,TX450PII  
CONC STTG,ACI1,"TX450,III "
CONC STTG,ACI1,TX448     
HMAC LV1A,CSTM,TX200PII  
CONC FG1 ,ACI1,TX407     
CONC FG1 ,ACI1,TX414     
CONC FG1 ,ACI1,TX415     
CONC FG1 ,ACI1,TX416     
CONC FG1 ,ACI1,TX417     
CONC FG1 ,ACI1,TX422     
HMAC LV1A,CSTM,TX204     
CONC FG1 ,ACI1,"TX447,I   "
HMAC LV1A,HMA ,TX207     
HMAC LV1B,HMA ,TX207V    
HMAC LV1A,HMA ,TX217     
RIDE RIDb,RIDE,TX1001    
RIDE RIDc,RIDE,TX1001    
RIDE RIDd,RIDE,TX1001    
RIDE RIDf,RIDE,TX1001    
RIDE RIDg,RIDE,TX1001    
RIDE RIDh,RIDE,TX1001    
RIDE RIDi,RIDE,TX1001    
RIDE RIDj,RIDE,TX1001    
RIDE RIDk,RIDE,TX1001    
RIDE RIDm,RIDE,TX1001    
RIDE RIDn,RIDE,TX1001    
RIDE RIDo,RIDE,TX1001    
RIDE RIDq,RIDE,TX1001    
HMAC LV1A,CSTM,TX200PI   
HMAC LV1A,CSTM,TX206     
HMAC LV1A,CSTM,TX207     
HMAC LV1A,CSTM,TX212     
HMAC LV1A,CSTM,TX217     
HMAC LV1A,CSTM,TX221     
HMAC LV1A,CSTM,TX222     
HMAC LV1A,CSTM,TX225     
HMAC LV1A,CSTM,TX227     
HMAC LV1A,CSTM,TX233     
HMAC LV1A,CSTM,TX235     
HMAC LV1A,CSTM,TX236     
HMAC LV1A,CSTM,TX241     
HMAC LV1A,CSTM,TX400     
HMAC LV1A,CSTM,TX500     
HMAC LV1A,CSTM,TX530     
STLB TXDO,TXDO,TXTRCN    
STLB TXDO,TXDO,TXTRCM    
HMAC LV1B,CSTM,TX244     
HMAC LV1B,CSTM,TX246     
SOIL 101,HMA ,TX600     
SOIL 102,HMA ,TX600     
HMAC LVL2,CSTM,TX107     
HMAC LVL2,CSTM,TX203     
HMAC LVL2,CSTM,TX204     
HMAC LVL2,CSTM,TX217     
HMAC LVL2,CSTM,TX226     
HMAC LVL2,CSTM,TX242     
HMAC LVL2,CSTM,TX245     
HMAC LVL2,CSTM,TX280     
HMAC LVL2,CSTM,TX408     
HMAC LVL2,CSTM,TX460     
HMAC LVL2,CSTM,TX461     
SOIL 101,HMA ,TX116     
RIDE RIDo,CSTM,TX1001    
RIDE RIDa,CSTM,TX1001    
RIDE RIDb,CSTM,TX1001    
RIDE RIDc,CSTM,TX1001    
RIDE RIDd,CSTM,TX1001    
RIDE RIDq,CSTM,TX1001    
RIDE RIDf,CSTM,TX1001    
RIDE RIDg,CSTM,TX1001    
RIDE RIDn,CSTM,TX1001    
RIDE RIDm,CSTM,TX1001    
RIDE RIDk,CSTM,TX1001    
RIDE RIDj,CSTM,TX1001    
RIDE RIDi,CSTM,TX1001    
RIDE RIDh,CSTM,TX1001    
CONC STTG,DIST,TX418     
CONC STTG,DIST,"TX450,III "
CONC FG1 ,DIST,TX407     
CONC FG1 ,DIST,TX415     
CONC FG1 ,DIST,TX422     
CONC FG1 ,DIST,"TX447,I   "
CONC FG1 ,DIST,"TX447,III "
HMAC LVL2,HMA ,TX207     
HMAC LVL2,HMA ,TX206     
HMAC LVL2,HMA ,TX217     
HMAC LVL2,HMA ,TX217PIII 
HMAC LVL2,HMA ,TX227     
HMAC LVL2,HMA ,TX235     
HMAC LVL2,HMA ,TX241     
TMAT TXD1,CSTM,TXTRCO    
STLB TXD1,CSTM,HOLDER    
CONC LG1 ,ACI1,HOLDER    
STLB TXD2,CSTM,HOLDER    
STLB TXD3,CSTM,HOLDER    
SOIL 103,HMA ,TX600     
SOIL 201,HMA ,TX600     
SOIL 202,HMA ,TX128     
SOIL 202,HMA ,TX400     
SOIL 202,HMA ,TX600     
HMAC LV1E,HMA ,TX235     
CEMT TXDO,CSTM,TXTRCM    
AGGR AGG1,HMA ,TX400     
AGGR AGG1,HMA ,TX401     
STRU TXDO,TXDO,TXTRST    
AGGR AGG1,HMA ,TX402     
AGGR AGG1,HMA ,TX406PI   
AGGR AGG1,HMA ,TX408     
AGGR AGG1,HMA ,TX413     
AGGR AGG1,HMA ,TX460     
AGGR AGG1,HMA ,TX461     
AGGR AGG1,HMA ,TX200ST   
CONC TXD1,CSTM,ASTMC1090 
CONC TXD1,CSTM,ASTMC1202 
CONC TXD1,CSTM,ASTMC1260 
CONC TXD1,CSTM,ASTMC1399 
CONC TXD1,CSTM,ASTMC1435 
CONC TXD1,CSTM,ASTMC157  
CONC TXD1,CSTM,ASTMC1609 
CONC TXD1,CSTM,ASTMC1611 
CONC TXD1,CSTM,ASTMC1741 
CONC TXD1,CSTM,ASTMC403  
CONC TXD1,CSTM,ASTMC469  
CONC TXD1,CSTM,ASTMC882  
CONC TXD1,CSTM,ASTMC953  
CONC TXD1,CSTM,TX407     
CONC TXD1,CSTM,TX414     
CONC TXD1,CSTM,TX415     
CONC TXD1,CSTM,TX416     
CONC TXD1,CSTM,TX417     
CONC TXD1,CSTM,TX421     
CONC TXD1,CSTM,TX422     
CONC TXD1,CSTM,TX423     
CONC TXD1,CSTM,TX423PII  
CONC TXD1,CSTM,TX424     
CONC PCI1,PCI ,HOLDER    
CONC PCI2,PCI ,HOLDER    
CONC PCI3,PCI ,HOLDER    
CONC STRj,ACPA,HOLDER    
CONC STRm,NPCA,HOLDER    
SSTL CWI ,AWS ,HOLDER    
SSTL NDT2,ASNT,HOLDER    
SSTL NDT3,ASNT,HOLDER    
SSTL UTMM,CSTM,HOLDER    
SSTL UTH ,CSTM,HOLDER    
HMAC LV1B,CSTM,TX225     
TMAT TXDO,CSTM,TXTRCO    
CONC FG1 ,ACI1,"TX447,II  "
HMAC LV1B,CSTM,TX222     
HMAC LV1B,CSTM,TX500     
HMAC LV1B,CSTM,TX207     
HMAC LV1B,CSTM,TX207V    
HMAC LV1B,CSTM,TX207VII  
TMAT TXDO,CSTM,ASTMD711  
AGGR LV1C,HMA ,TX107     
AGGR LV1C,HMA ,TX200PI   
AGGR LV1C,HMA ,TX200PII  
AGGR LV1C,HMA ,TX203     
AGGR LV1C,HMA ,TX212     
AGGR LV1C,HMA ,TX217     
AGGR LV1C,HMA ,TX221     
AGGR LV1C,HMA ,TX224     
AGGR LV1C,HMA ,TX280     
AGGR LV1C,HMA ,TX400     
AGGR LV1C,HMA ,TX406     
AGGR LV1C,HMA ,TX408     
AGGR LV1C,HMA ,TX460PI   
AGGR LV1C,HMA ,TX461     
TMAT TXDO,CSTM,ASTMD562  
TMAT TXDO,CSTM,ASTMD1475 
TMAT TXDO,CSTM,ASTMD2369 
TMAT TXDO,CSTM,TX888     
TMAT TXDO,CSTM,ASTMD1640 
SOIL TXD1,CSTM,"TX113,4   "
SOIL TXD1,CSTM,TX114PI   
AGGR LV1C,HMA ,TX200ST   
CONC TXD1,CSTM,"TX424,I   "
CONC TXD1,CSTM,"TX424,III "
CONC TXD1,CSTM,TX430     
CONC TXD1,CSTM,TX436     
CONC TXD1,CSTM,TX437     
CONC TXD1,CSTM,"TX437,II  "
CONC TXD1,CSTM,TX441     
CONC TXD1,CSTM,"TX447,I   "
CONC TXD1,CSTM,"TX447,II  "
CONC TXD1,CSTM,"TX447,III "
CONC TXD1,CSTM,TX472     
CONC TXD1,DIST,ASTMC1090 
CONC TXD1,DIST,ASTMC1202 
CONC TXD1,DIST,ASTMC1260 
CONC TXD1,DIST,ASTMC1399 
CONC TXD1,DIST,ASTMC1435 
CONC TXD1,DIST,ASTMC157  
CONC TXD1,DIST,ASTMC1609 
CONC TXD1,DIST,ASTMC1611 
CONC TXD1,DIST,ASTMC1741 
CONC TXD1,DIST,ASTMC403  
CONC TXD1,DIST,ASTMC469  
CONC TXD1,DIST,ASTMC882  
CONC TXD1,DIST,ASTMC953  
CONC TXD1,DIST,TX407     
CONC TXD1,DIST,TX414     
CONC TXD1,DIST,TX415     
CONC TXD1,DIST,TX416     
CONC TXD1,DIST,TX417     
CONC TXD1,DIST,TX421     
CONC TXD1,DIST,TX422     
CONC TXD1,DIST,TX423     
CONC TXD1,DIST,TX423PII  
CONC TXD1,DIST,TX424     
CONC TXD1,DIST,"TX424,I   "
CONC TXD1,DIST,"TX424,III "
CONC TXD1,DIST,TX430     
CONC TXD1,DIST,TX436     
CONC TXD1,DIST,TX437     
CONC TXD1,DIST,"TX437,II  "
CONC TXD1,DIST,TX441     
CONC TXD1,DIST,"TX447,I   "
CONC TXD1,DIST,"TX447,II  "
CONC TXD1,DIST,"TX447,III "
CONC TXD1,DIST,TX472     
SOIL 103,HMA ,TX145P2   
NCLR N702,DIST,CON702    
NCLR N703,DIST,CON703    
SOIL 101,HMA ,TX110     
NCLR N703,DIST,TXOJT     
HMAC LV1A,HMA ,TX217PII  
HMAC LV1A,HMA ,TX217PIII 
HMAC LV1A,HMA ,TX217PI   
ENVR EMS ,TXDO,CON816    
ENVR EMS ,TXDO,CON817    
ENVR EMS ,TXDO,ENV414    
ENVR EMS ,TXDO,ENV433    
NCLR NOJT,DIST,TXOJT     
CONC FG1 ,CSTM,TX407     
CONC FG1 ,CSTM,TX415     
CONC FG1 ,CSTM,TX422     
CONC FG1 ,CSTM,"TX447,I   "
CONC FG1 ,CSTM,"TX447,III "
CONC STTG,CSTM,TX418     
CONC STTG,CSTM,"TX450,III "
RIDE RIDr,RIDE,TX1001    
ASPH BBT ,AI  ,AASHTOT49 
ASPH BBT ,AI  ,AASHTOT179
ASPH BBT ,AI  ,AASHTO315 
ASPH BBT ,AI  ,AASHTOT240
ASPH BBT ,AI  ,AASHTOT316
ASPH BBT ,AI  ,AASHTOR28 
ASPH BBT ,AI  ,AASHTOT313
ASPH BBT ,AI  ,AASHTOT228
ASPH BBT ,AI  ,AASHTOT202
ASPH BBT ,AI  ,AASHTOT51 
ASPH BBT ,AI  ,AASHTOT301
ASPH BBT ,AI  ,AASHTOT44 
ASPH BBT ,AI  ,AASHTOT53 
ASPH BBT ,AI  ,AASHTOT59 
STRU STTG,ACI1,TX448     
STRU FG1 ,ACI1,TX407     
STRU FG1 ,ACI1,TX414     
STRU FG1 ,ACI1,TX415     
STRU FG1 ,ACI1,TX416     
STRU FG1 ,ACI1,TX417     
STRU FG1 ,ACI1,TX422     
STRU FG1 ,ACI1,"TX447,I   "
STRU FG1 ,ACI1,"TX447,II  "
STRU STTG,ACI1,TX418     
STRU STTG,ACI1,TX450PI   
STRU STTG,ACI1,TX450PII  
STRU STTG,ACI1,"TX450,III "
STRU STTG,ACI1,TX450     
HMAC SC1 ,TXDO,TX500     
TMAT TXDO,CSTM,ASTMD521  
TMAT TXDO,CSTM,ASTMD4400 
TMAT TXDO,CSTM,TX839     
TMAT TXD1,CSTM,ASTMD523  
TMAT TXD1,CSTM,TX434     
TMAT TXD1,CSTM,TX839     
TMAT TXD1,CSTM,TX842     
TMAT TXD1,CSTM,TX863     
TMAT TXD1,CSTM,TX888     
HMAC SC1 ,TXDO,TX400     
HMAC SC1 ,TXDO,TX221     
AGGR AGG1,HMA ,TX107     
AGGR AGG1,HMA ,TX200PI   
AGGR AGG1,HMA ,TX200PII  
AGGR AGG1,HMA ,TX203     
AGGR AGG1,HMA ,TX212     
AGGR AGG1,HMA ,TX217PI   
AGGR AGG1,HMA ,TX217PII  
AGGR AGG1,HMA ,TX221     
AGGR AGG1,HMA ,TX224     
AGGR AGG1,HMA ,TX280     
CONC TXD3,CSTM,"TX424,I   "
CONC TXD3,CSTM,"TX424,III "
CONC TXD3,CSTM,TX430     
CONC TXD3,CSTM,TX436     
CONC TXD3,CSTM,TX437     
CONC TXD3,CSTM,"TX437,II  "
CONC TXD3,CSTM,TX441     
CONC TXD3,CSTM,"TX447,I   "
CONC TXD3,CSTM,"TX447,II  "
CONC TXD3,CSTM,"TX447,III "
CONC TXD3,CSTM,TX472     
CONC TXD3,DIST,ASTMC1090 
CONC TXD3,DIST,ASTMC1202 
CONC TXD3,DIST,ASTMC1260 
CONC TXD3,DIST,ASTMC1399 
CONC TXD3,DIST,ASTMC1435 
CONC TXD3,DIST,ASTMC157  
CONC TXD3,DIST,ASTMC1609 
CONC TXD3,DIST,ASTMC1611 
CONC TXD3,DIST,ASTMC1741 
CONC TXD3,DIST,ASTMC403  
CONC TXD3,DIST,ASTMC469  
CONC TXD3,DIST,ASTMC882  
CONC TXD3,DIST,ASTMC953  
CONC TXD3,DIST,TX407     
CONC TXD3,DIST,TX414     
CONC TXD3,DIST,TX415     
CONC TXD3,DIST,TX416     
CONC TXD3,DIST,TX417     
CONC TXD3,DIST,TX421     
CONC TXD3,DIST,TX422     
CONC TXD3,DIST,TX423     
CONC TXD3,DIST,TX423PII  
CONC TXD3,DIST,TX424     
CONC TXD3,DIST,"TX424,I   "
CONC TXD3,DIST,"TX424,III "
CONC TXD3,DIST,TX430     
CONC TXD3,DIST,TX436     
CONC TXD3,DIST,TX437     
CONC TXD3,DIST,"TX437,II  "
CONC TXD3,DIST,TX441     
CONC TXD3,DIST,"TX447,I   "
CONC TXD3,DIST,"TX447,II  "
CONC TXD3,DIST,"TX447,III "
CONC TXD3,DIST,TX472     
CONC TXD3,TXDO,ASTMC1090 
CONC TXD3,TXDO,ASTMC1202 
CONC TXD3,TXDO,ASTMC1260 
CONC TXD3,TXDO,ASTMC1399 
CONC TXD3,TXDO,ASTMC1435 
CONC TXD3,TXDO,ASTMC157  
CONC TXD3,TXDO,ASTMC1609 
CONC TXD3,TXDO,ASTMC1611 
CONC TXD3,TXDO,ASTMC1741 
CONC TXD3,TXDO,ASTMC403  
CONC TXD3,TXDO,ASTMC469  
CONC TXD3,TXDO,ASTMC882  
CONC TXD3,TXDO,ASTMC953  
CONC TXD3,TXDO,TX407     
CONC TXD3,TXDO,TX414     
CONC TXD3,TXDO,TX415     
CONC TXD3,TXDO,TX416     
CONC TXD3,TXDO,TX417     
CONC TXD3,TXDO,TX421     
CONC TXD3,TXDO,TX422     
CONC TXD3,TXDO,TX423     
CONC TXD3,TXDO,TX423PII  
CONC TXD3,TXDO,TX424     
CONC TXD3,TXDO,"TX424,I   "
CONC TXD3,TXDO,"TX424,III "
CONC TXD3,TXDO,TX430     
CONC TXD3,TXDO,TX436     
CONC TXD3,TXDO,TX437     
CONC TXD3,TXDO,"TX437,II  "
CONC TXD3,TXDO,TX441     
CONC TXD3,TXDO,"TX447,I   "
CONC TXD3,TXDO,"TX447,II  "
CONC TXD3,TXDO,"TX447,III "
CONC TXD3,TXDO,TX472     
HMAC TXD1,CSTM,TX107     
HMAC TXD1,CSTM,TX201     
HMAC TXD1,CSTM,TX206     
HMAC TXD1,CSTM,TX206PI   
HMAC TXD1,CSTM,TX206PII  
HMAC TXD1,CSTM,TX207     
HMAC TXD1,CSTM,"TX207,27  "
HMAC TXD1,CSTM,"TX207,27A "
HMAC TXD1,CSTM,TX207PI   
HMAC TXD1,CSTM,TX207PII  
HMAC TXD1,CSTM,TX207PIII 
HMAC TXD1,CSTM,TX207PT4  
HMAC TXD1,CSTM,TX207PVI  
HMAC TXD1,CSTM,TX207PVIII
HMAC TXD1,CSTM,TX207V    
HMAC TXD1,CSTM,TX207V-4  
HMAC TXD1,CSTM,TX207VII  
HMAC TXD1,CSTM,TX208     
HMAC TXD1,CSTM,"TX208,31  "
HMAC TXD1,CSTM,TX210     
HMAC TXD1,CSTM,TX210PI   
HMAC TXD1,CSTM,TX210PII  
HMAC TXD1,CSTM,TX210PIII 
HMAC TXD1,CSTM,TX210PIV  
HMAC TXD1,CSTM,TX211     
HMAC TXD1,CSTM,TX212     
HMAC TXD1,CSTM,TX212P1   
HMAC TXD1,CSTM,TX213     
HMAC TXD1,CSTM,TX217     
HMAC TXD1,CSTM,TX217PI   
HMAC TXD1,CSTM,TX217PII  
HMAC TXD1,CSTM,TX217PIII 
HMAC TXD1,CSTM,TX221     
HMAC TXD1,CSTM,TX222     
HMAC TXD1,CSTM,TX224     
HMAC TXD1,CSTM,TX225     
HMAC TXD1,CSTM,TX225PI   
HMAC TXD1,CSTM,TX225PII  
HMAC TXD1,CSTM,TX226     
HMAC TXD1,CSTM,TX227     
HMAC TXD1,CSTM,TX227PI   
HMAC TXD1,CSTM,TX227PII  
HMAC TXD1,CSTM,TX227PIII 
HMAC TXD1,CSTM,TX228     
HMAC TXD1,CSTM,TX233     
HMAC TXD1,CSTM,TX235     
HMAC TXD1,CSTM,TX236     
HMAC TXD1,CSTM,TX241     
HMAC TXD1,CSTM,TX242     
HMAC TXD1,CSTM,TX244     
HMAC TXD1,CSTM,TX244-4   
HMAC TXD1,CSTM,TX245     
HMAC TXD1,CSTM,TX246     
HMAC TXD1,CSTM,TX249     
HMAC TXD1,CSTM,TX280     
HMAC TXD1,CSTM,TX400     
HMAC TXD1,CSTM,TX401     
HMAC TXD1,CSTM,TX401-2   
HMAC TXD1,CSTM,TX402     
HMAC TXD1,CSTM,TX404     
HMAC TXD1,CSTM,TX406     
HMAC TXD1,CSTM,TX406PI   
HMAC TXD1,CSTM,TX406PII  
HMAC TXD1,CSTM,TX406PIII 
HMAC TXD1,CSTM,TX408     
HMAC TXD1,CSTM,TX413     
HMAC TXD1,CSTM,TX460     
HMAC TXD1,CSTM,TX460PI   
HMAC TXD1,CSTM,TX460PII  
HMAC TXD1,CSTM,TX461     
HMAC TXD1,CSTM,TX500     
HMAC TXD1,CSTM,TX500PI   
HMAC TXD1,CSTM,TX500PII  
HMAC TXD1,CSTM,TX500PIII 
HMAC TXD1,CSTM,TX500PIV  
HMAC TXD1,CSTM,TX500PIX  
HMAC TXD1,CSTM,TX500PV   
HMAC TXD1,CSTM,TX500PVI  
HMAC TXD1,CSTM,TX500PVII 
HMAC TXD1,CSTM,TX500PVIII
HMAC TXD1,CSTM,TX530     
HMAC TXD1,DIST,TX107     
HMAC TXD1,DIST,TX201     
HMAC TXD1,DIST,TX206     
HMAC TXD1,DIST,TX206PI   
HMAC TXD1,DIST,TX206PII  
HMAC TXD1,DIST,TX207     
HMAC TXD1,DIST,"TX207,27  "
HMAC TXD1,DIST,"TX207,27A "
HMAC TXD1,DIST,TX207PI   
HMAC TXD1,DIST,TX207PII  
HMAC TXD1,DIST,TX207PIII 
HMAC TXD1,DIST,TX207PT4  
HMAC TXD1,DIST,TX207PVI  
HMAC TXD1,DIST,TX207PVIII
HMAC TXD1,DIST,TX207V    
HMAC TXD1,DIST,TX207V-4  
HMAC TXD1,DIST,TX207VII  
HMAC TXD1,DIST,TX208     
HMAC TXD1,DIST,"TX208,31  "
HMAC TXD1,DIST,TX210     
HMAC TXD1,DIST,TX210PI   
HMAC TXD1,DIST,TX210PII  
HMAC TXD1,DIST,TX210PIII 
HMAC TXD1,DIST,TX210PIV  
HMAC TXD1,DIST,TX211     
HMAC TXD1,DIST,TX212     
HMAC TXD1,DIST,TX212P1   
HMAC TXD1,DIST,TX213     
HMAC TXD1,DIST,TX217     
HMAC TXD1,DIST,TX217PI   
HMAC TXD1,DIST,TX217PII  
HMAC TXD1,DIST,TX217PIII 
HMAC TXD1,DIST,TX221     
HMAC TXD1,DIST,TX222     
HMAC TXD1,DIST,TX224     
HMAC TXD1,DIST,TX225     
HMAC TXD1,DIST,TX225PI   
HMAC TXD1,DIST,TX225PII  
HMAC TXD1,DIST,TX226     
HMAC TXD1,DIST,TX227     
HMAC TXD1,DIST,TX227PI   
HMAC TXD1,DIST,TX227PII  
HMAC TXD1,DIST,TX227PIII 
HMAC TXD1,DIST,TX228     
HMAC TXD1,DIST,TX233     
HMAC TXD1,DIST,TX235     
HMAC TXD1,DIST,TX236     
HMAC TXD1,DIST,TX241     
HMAC TXD1,DIST,TX242     
HMAC TXD1,DIST,TX244     
HMAC TXD1,DIST,TX244-4   
HMAC TXD1,DIST,TX245     
HMAC TXD1,DIST,TX246     
HMAC TXD1,DIST,TX249     
HMAC TXD1,DIST,TX280     
HMAC TXD1,DIST,TX400     
HMAC TXD1,DIST,TX401     
HMAC TXD1,DIST,TX401-2   
HMAC TXD1,DIST,TX402     
HMAC TXD1,DIST,TX404     
HMAC TXD1,DIST,TX406     
HMAC TXD1,DIST,TX406PI   
HMAC TXD1,DIST,TX406PII  
HMAC TXD1,DIST,TX406PIII 
HMAC TXD1,DIST,TX408     
HMAC TXD1,DIST,TX413     
HMAC TXD1,DIST,TX460     
HMAC TXD1,DIST,TX460PI   
HMAC TXD1,DIST,TX460PII  
HMAC TXD1,DIST,TX461     
HMAC TXD1,DIST,TX500     
HMAC TXD1,DIST,TX500PI   
HMAC TXD1,DIST,TX500PII  
HMAC TXD1,DIST,TX500PIII 
HMAC TXD1,DIST,TX500PIV  
HMAC TXD1,DIST,TX500PIX  
HMAC TXD1,DIST,TX500PV   
HMAC TXD1,DIST,TX500PVI  
HMAC TXD1,DIST,TX500PVII 
HMAC TXD1,DIST,TX500PVIII
HMAC TXD1,DIST,TX530     
HMAC TXD2,CSTM,TX107     
HMAC TXD2,CSTM,TX201     
HMAC TXD2,CSTM,TX206     
HMAC TXD2,CSTM,TX206PI   
HMAC TXD2,CSTM,TX206PII  
HMAC TXD2,CSTM,TX207     
HMAC TXD2,CSTM,"TX207,27  "
HMAC TXD2,CSTM,"TX207,27A "
HMAC TXD2,CSTM,TX207PI   
HMAC TXD2,CSTM,TX207PII  
HMAC TXD2,CSTM,TX207PIII 
HMAC TXD2,CSTM,TX207PT4  
HMAC TXD2,CSTM,TX207PVI  
HMAC TXD2,CSTM,TX207PVIII
HMAC TXD2,CSTM,TX207V    
HMAC TXD2,CSTM,TX207V-4  
HMAC TXD2,CSTM,TX207VII  
HMAC TXD2,CSTM,TX208     
HMAC TXD2,CSTM,"TX208,31  "
HMAC TXD2,CSTM,TX210     
HMAC TXD2,CSTM,TX210PI   
HMAC TXD2,CSTM,TX210PII  
HMAC TXD2,CSTM,TX210PIII 
HMAC TXD2,CSTM,TX210PIV  
HMAC TXD2,CSTM,TX211     
HMAC TXD2,CSTM,TX212     
HMAC TXD2,CSTM,TX212P1   
HMAC TXD2,CSTM,TX213     
HMAC TXD2,CSTM,TX217     
HMAC TXD2,CSTM,TX217PI   
HMAC TXD2,CSTM,TX217PII  
HMAC TXD2,CSTM,TX217PIII 
HMAC TXD2,CSTM,TX221     
HMAC TXD2,CSTM,TX222     
HMAC TXD2,CSTM,TX224     
HMAC TXD2,CSTM,TX225     
HMAC TXD2,CSTM,TX225PI   
HMAC TXD2,CSTM,TX225PII  
HMAC TXD2,CSTM,TX226     
HMAC TXD2,CSTM,TX227     
HMAC TXD2,CSTM,TX227PI   
HMAC TXD2,CSTM,TX227PII  
HMAC TXD2,CSTM,TX227PIII 
HMAC TXD2,CSTM,TX228     
HMAC TXD2,CSTM,TX233     
HMAC TXD2,CSTM,TX235     
HMAC TXD2,CSTM,TX236     
HMAC TXD2,CSTM,TX241     
HMAC TXD2,CSTM,TX242     
HMAC TXD2,CSTM,TX244     
HMAC TXD2,CSTM,TX244-4   
HMAC TXD2,CSTM,TX245     
HMAC TXD2,CSTM,TX246     
HMAC TXD2,CSTM,TX249     
HMAC TXD2,CSTM,TX280     
HMAC TXD2,CSTM,TX400     
HMAC TXD2,CSTM,TX401     
HMAC TXD2,CSTM,TX401-2   
HMAC TXD2,CSTM,TX402     
HMAC TXD2,CSTM,TX404     
HMAC TXD2,CSTM,TX406     
HMAC TXD2,CSTM,TX406PI   
HMAC TXD2,CSTM,TX406PII  
HMAC TXD2,CSTM,TX406PIII 
HMAC TXD2,CSTM,TX408     
HMAC TXD2,CSTM,TX413     
HMAC TXD2,CSTM,TX460     
HMAC TXD2,CSTM,TX460PI   
HMAC TXD2,CSTM,TX460PII  
HMAC TXD2,CSTM,TX461     
HMAC TXD2,CSTM,TX500     
HMAC TXD2,CSTM,TX500PI   
HMAC TXD2,CSTM,TX500PII  
HMAC TXD2,CSTM,TX500PIII 
HMAC TXD2,CSTM,TX500PIV  
HMAC TXD2,CSTM,TX500PIX  
HMAC TXD2,CSTM,TX500PV   
HMAC TXD2,CSTM,TX500PVI  
HMAC TXD2,CSTM,TX500PVII 
HMAC TXD2,CSTM,TX500PVIII
HMAC TXD2,CSTM,TX530     
HMAC TXD2,DIST,TX107     
HMAC TXD2,DIST,TX201     
HMAC TXD2,DIST,TX206     
HMAC TXD2,DIST,TX206PI   
HMAC TXD2,DIST,TX206PII  
HMAC TXD2,DIST,TX207     
HMAC TXD2,DIST,"TX207,27  "
HMAC TXD2,DIST,"TX207,27A "
HMAC TXD2,DIST,TX207PI   
HMAC TXD2,DIST,TX207PII  
HMAC TXD2,DIST,TX207PIII 
HMAC TXD2,DIST,TX207PT4  
HMAC TXD2,DIST,TX207PVI  
HMAC TXD2,DIST,TX207PVIII
HMAC TXD2,DIST,TX207V    
HMAC TXD2,DIST,TX207V-4  
HMAC TXD2,DIST,TX207VII  
HMAC TXD2,DIST,TX208     
HMAC TXD2,DIST,"TX208,31  "
HMAC TXD2,DIST,TX210     
HMAC TXD2,DIST,TX210PI   
HMAC TXD2,DIST,TX210PII  
HMAC TXD2,DIST,TX210PIII 
HMAC TXD2,DIST,TX210PIV  
HMAC TXD2,DIST,TX211     
HMAC TXD2,DIST,TX212     
HMAC TXD2,DIST,TX212P1   
HMAC TXD2,DIST,TX213     
HMAC TXD2,DIST,TX217     
HMAC TXD2,DIST,TX217PI   
HMAC TXD2,DIST,TX217PII  
HMAC TXD2,DIST,TX217PIII 
HMAC TXD2,DIST,TX221     
HMAC TXD2,DIST,TX222     
HMAC TXD2,DIST,TX224     
HMAC TXD2,DIST,TX225     
HMAC TXD2,DIST,TX225PI   
HMAC TXD2,DIST,TX225PII  
HMAC TXD2,DIST,TX226     
HMAC TXD2,DIST,TX227     
HMAC TXD2,DIST,TX227PI   
HMAC TXD2,DIST,TX227PII  
HMAC TXD2,DIST,TX227PIII 
HMAC TXD2,DIST,TX228     
HMAC TXD2,DIST,TX233     
HMAC TXD2,DIST,TX235     
HMAC TXD2,DIST,TX236     
HMAC TXD2,DIST,TX241     
HMAC TXD2,DIST,TX242     
HMAC TXD2,DIST,TX244     
HMAC TXD2,DIST,TX244-4   
HMAC TXD2,DIST,TX245     
HMAC TXD2,DIST,TX246     
HMAC TXD2,DIST,TX249     
HMAC TXD2,DIST,TX280     
HMAC TXD2,DIST,TX400     
HMAC TXD2,DIST,TX401     
HMAC TXD2,DIST,TX401-2   
HMAC TXD2,DIST,TX402     
HMAC TXD2,DIST,TX404     
HMAC TXD2,DIST,TX406     
HMAC TXD2,DIST,TX406PI   
HMAC TXD2,DIST,TX406PII  
HMAC TXD2,DIST,TX406PIII 
HMAC TXD2,DIST,TX408     
HMAC TXD2,DIST,TX413     
HMAC TXD2,DIST,TX460     
HMAC TXD2,DIST,TX460PI   
HMAC TXD2,DIST,TX460PII  
HMAC TXD2,DIST,TX461     
HMAC TXD2,DIST,TX500     
HMAC TXD2,DIST,TX500PI   
HMAC TXD2,DIST,TX500PII  
HMAC TXD2,DIST,TX500PIII 
HMAC TXD2,DIST,TX500PIV  
HMAC TXD2,DIST,TX500PIX  
HMAC TXD2,DIST,TX500PV   
HMAC TXD2,DIST,TX500PVI  
HMAC TXD2,DIST,TX500PVII 
HMAC TXD2,DIST,TX500PVIII
HMAC TXD2,DIST,TX530     
HMAC TXD3,DIST,TX107     
HMAC TXD3,DIST,TX201     
HMAC TXD3,DIST,TX206     
HMAC TXD3,DIST,TX206PI   
HMAC TXD3,DIST,TX206PII  
HMAC TXD3,DIST,TX207     
HMAC TXD3,DIST,"TX207,27  "
HMAC TXD3,DIST,"TX207,27A "
HMAC TXD3,DIST,TX207PI   
HMAC TXD3,DIST,TX207PII  
HMAC TXD3,DIST,TX207PIII 
HMAC TXD3,DIST,TX207PT4  
HMAC TXD3,DIST,TX207PVI  
HMAC TXD3,DIST,TX207PVIII
HMAC TXD3,DIST,TX207V    
HMAC TXD3,DIST,TX207V-4  
HMAC TXD3,DIST,TX207VII  
HMAC TXD3,DIST,TX208     
HMAC TXD3,DIST,"TX208,31  "
HMAC TXD3,DIST,TX210     
HMAC TXD3,DIST,TX210PI   
HMAC TXD3,DIST,TX210PII  
HMAC TXD3,DIST,TX210PIII 
HMAC TXD3,DIST,TX210PIV  
HMAC TXD3,DIST,TX211     
HMAC TXD3,DIST,TX212     
HMAC TXD3,DIST,TX212P1   
HMAC TXD3,DIST,TX213     
HMAC TXD3,DIST,TX217     
HMAC TXD3,DIST,TX217PI   
HMAC TXD3,DIST,TX217PII  
HMAC TXD3,DIST,TX217PIII 
HMAC TXD3,DIST,TX221     
HMAC TXD3,DIST,TX222     
HMAC TXD3,DIST,TX224     
HMAC TXD3,DIST,TX225     
HMAC TXD3,DIST,TX225PI   
HMAC TXD3,DIST,TX225PII  
HMAC TXD3,DIST,TX226     
HMAC TXD3,DIST,TX227     
HMAC TXD3,DIST,TX227PI   
HMAC TXD3,DIST,TX227PII  
HMAC TXD3,DIST,TX227PIII 
HMAC TXD3,DIST,TX228     
HMAC TXD3,DIST,TX233     
HMAC TXD3,DIST,TX235     
HMAC TXD3,DIST,TX236     
HMAC TXD3,DIST,TX241     
HMAC TXD3,DIST,TX242     
HMAC TXD3,DIST,TX244     
HMAC TXD3,DIST,TX244-4   
HMAC TXD3,DIST,TX245     
HMAC TXD3,DIST,TX246     
HMAC TXD3,DIST,TX249     
HMAC TXD3,DIST,TX280     
HMAC TXD3,DIST,TX400     
HMAC TXD3,DIST,TX401     
HMAC TXD3,DIST,TX401-2   
HMAC TXD3,DIST,TX402     
HMAC TXD3,DIST,TX404     
HMAC TXD3,DIST,TX406     
HMAC TXD3,DIST,TX406PI   
HMAC TXD3,DIST,TX406PII  
HMAC TXD3,DIST,TX406PIII 
HMAC TXD3,DIST,TX408     
HMAC TXD3,DIST,TX413     
HMAC TXD3,DIST,TX460     
HMAC TXD3,DIST,TX460PI   
HMAC TXD3,DIST,TX460PII  
HMAC TXD3,DIST,TX461     
HMAC TXD3,DIST,TX500     
HMAC TXD3,DIST,TX500PI   
HMAC TXD3,DIST,TX500PII  
HMAC TXD3,DIST,TX500PIII 
HMAC TXD3,DIST,TX500PIV  
HMAC TXD3,DIST,TX500PIX  
HMAC TXD3,DIST,TX500PV   
HMAC TXD3,DIST,TX500PVI  
HMAC TXD3,DIST,TX500PVII 
HMAC TXD3,DIST,TX500PVIII
HMAC TXD3,DIST,TX530     
HMAC TXD3,CSTM,TX107     
HMAC TXD3,CSTM,TX201     
HMAC TXD3,CSTM,TX206     
HMAC TXD3,CSTM,TX206PI   
HMAC TXD3,CSTM,TX206PII  
HMAC TXD3,CSTM,TX207     
HMAC TXD3,CSTM,"TX207,27  "
HMAC TXD3,CSTM,"TX207,27A "
HMAC TXD3,CSTM,TX207PI   
HMAC TXD3,CSTM,TX207PII  
HMAC TXD3,CSTM,TX207PIII 
HMAC TXD3,CSTM,TX207PT4  
HMAC TXD3,CSTM,TX207PVI  
HMAC TXD3,CSTM,TX207PVIII
HMAC TXD3,CSTM,TX207V    
HMAC TXD3,CSTM,TX207V-4  
HMAC TXD3,CSTM,TX207VII  
HMAC TXD3,CSTM,TX208     
HMAC TXD3,CSTM,"TX208,31  "
HMAC TXD3,CSTM,TX210     
HMAC TXD3,CSTM,TX210PI   
HMAC TXD3,CSTM,TX210PII  
HMAC TXD3,CSTM,TX210PIII 
HMAC TXD3,CSTM,TX210PIV  
HMAC TXD3,CSTM,TX211     
HMAC TXD3,CSTM,TX212     
HMAC TXD3,CSTM,TX212P1   
HMAC TXD3,CSTM,TX213     
HMAC TXD3,CSTM,TX217     
HMAC TXD3,CSTM,TX217PI   
HMAC TXD3,CSTM,TX217PII  
HMAC TXD3,CSTM,TX217PIII 
HMAC TXD3,CSTM,TX221     
HMAC TXD3,CSTM,TX222     
HMAC TXD3,CSTM,TX224     
HMAC TXD3,CSTM,TX225     
HMAC TXD3,CSTM,TX225PI   
HMAC TXD3,CSTM,TX225PII  
HMAC TXD3,CSTM,TX226     
HMAC TXD3,CSTM,TX227     
HMAC TXD3,CSTM,TX227PI   
HMAC TXD3,CSTM,TX227PII  
HMAC TXD3,CSTM,TX227PIII 
HMAC TXD3,CSTM,TX228     
HMAC TXD3,CSTM,TX233     
HMAC TXD3,CSTM,TX235     
HMAC TXD3,CSTM,TX236     
HMAC TXD3,CSTM,TX241     
HMAC TXD3,CSTM,TX242     
HMAC TXD3,CSTM,TX244     
HMAC TXD3,CSTM,TX244-4   
HMAC TXD3,CSTM,TX245     
HMAC TXD3,CSTM,TX246     
HMAC TXD3,CSTM,TX249     
HMAC TXD3,CSTM,TX280     
HMAC TXD3,CSTM,TX400     
HMAC TXD3,CSTM,TX401     
HMAC TXD3,CSTM,TX401-2   
HMAC TXD3,CSTM,TX402     
HMAC TXD3,CSTM,TX404     
HMAC TXD3,CSTM,TX406     
HMAC TXD3,CSTM,TX406PI   
HMAC TXD3,CSTM,TX406PII  
HMAC TXD3,CSTM,TX406PIII 
HMAC TXD3,CSTM,TX408     
HMAC TXD3,CSTM,TX413     
HMAC TXD3,CSTM,TX460     
HMAC TXD3,CSTM,TX460PI   
HMAC TXD3,CSTM,TX460PII  
HMAC TXD3,CSTM,TX461     
HMAC TXD3,CSTM,TX500     
HMAC TXD3,CSTM,TX500PI   
HMAC TXD3,CSTM,TX500PII  
HMAC TXD3,CSTM,TX500PIII 
HMAC TXD3,CSTM,TX500PIV  
HMAC TXD3,CSTM,TX500PIX  
HMAC TXD3,CSTM,TX500PV   
HMAC TXD3,CSTM,TX500PVI  
HMAC TXD3,CSTM,TX500PVII 
HMAC TXD3,CSTM,TX500PVIII
HMAC TXD3,CSTM,TX530     
SOIL TXD3,CSTM,TX107     
SOIL TXD2,CSTM,TX142     
SOIL TXD3,CSTM,TX461     
SOIL TXD1,CSTM,TX113     
SOIL TXD1,DIST,TX100     
SOIL TXD3,CSTM,TX117     
SOIL TXD1,DIST,TX200     
SOIL TXD1,CSTM,TX129     
SOIL TXD2,CSTM,TX105     
SOIL TXD3,DIST,TX101     
SOIL TXD1,CSTM,TX106     
SOIL TXD1,CSTM,TX105     
SOIL TXD1,CSTM,TX115     
SOIL TXD2,CSTM,TX280     
SOIL TXD1,DIST,TX280     
SOIL TXD3,CSTM,TX200     
SOIL TXD3,DIST,TX116     
SOIL TXD1,DIST,TX104     
SOIL TXD2,CSTM,TX121     
SOIL TXD1,CSTM,TX140     
SOIL TXD3,CSTM,TX404     
SOIL TXD1,DIST,TX461     
SOIL TXD3,CSTM,TX113     
SOIL TXD3,DIST,TX142     
SOIL TXD3,CSTM,TX128     
SOIL TXD1,DIST,TX142     
SOIL TXD3,DIST,TX148     
SOIL TXD3,CSTM,TX140     
SOIL TXD3,CSTM,TX115     
SOIL TXD1,CSTM,TX148     
SOIL TXD3,DIST,TX120     
SOIL TXD3,CSTM,TX106     
SOIL TXD1,DIST,TX400     
SOIL TXD3,CSTM,TX102     
SOIL TXD3,DIST,TX406     
SOIL TXD1,CSTM,TX121     
SOIL TXD2,CSTM,TX413     
SOIL TXD1,CSTM,TX117     
SOIL TXD3,DIST,TX115     
SOIL TXD3,DIST,TX140     
SOIL TXD2,CSTM,TX115     
SOIL TXD1,CSTM,TX145     
SOIL TXD3,CSTM,TX100     
SOIL TXD1,DIST,TX107     
SOIL TXD1,CSTM,TX460     
SOIL TXD2,CSTM,TX110     
SOIL TXD1,DIST,TX401     
SOIL TXD1,DIST,TX403     
SOIL TXD3,DIST,TX102     
SOIL TXD3,CSTM,TX400     
SOIL TXD1,CSTM,TX100     
SOIL TXD3,CSTM,TX406     
SOIL TXD3,DIST,TX103     
SOIL TXD2,CSTM,TX401     
SOIL TXD2,CSTM,TX403     
SOIL TXD3,CSTM,TX413     
SOIL TXD3,CSTM,TX280     
SOIL TXD2,CSTM,TX145     
SOIL TXD2,CSTM,TX114     
SOIL TXD1,DIST,TX140     
SOIL TXD2,CSTM,TX406     
SOIL TXD3,DIST,TX106     
SOIL TXD2,CSTM,TX460     
SOIL TXD2,CSTM,TX101     
SOIL TXD1,CSTM,TX400     
SOIL TXD2,CSTM,TX117     
SOIL TXD1,CSTM,TX101     
SOIL TXD1,DIST,TX129     
SOIL TXD1,DIST,TX404     
SOIL TXD1,DIST,TX110     
SOIL TXD1,DIST,TX203     
SOIL TXD3,CSTM,TX403     
CONC TXD2,CSTM,ASTMC1090 
CONC TXD2,CSTM,ASTMC1202 
CONC TXD2,CSTM,ASTMC1260 
CONC TXD2,CSTM,ASTMC1399 
CONC TXD2,CSTM,ASTMC1435 
CONC TXD2,CSTM,ASTMC157  
CONC TXD2,CSTM,ASTMC1609 
CONC TXD2,CSTM,ASTMC1611 
CONC TXD2,CSTM,ASTMC1741 
CONC TXD2,CSTM,ASTMC403  
CONC TXD2,CSTM,ASTMC469  
CONC TXD2,CSTM,ASTMC882  
CONC TXD2,CSTM,ASTMC953  
CONC TXD2,CSTM,TX407     
CONC TXD2,CSTM,TX414     
CONC TXD2,CSTM,TX415     
CONC TXD2,CSTM,TX416     
CONC TXD2,CSTM,TX417     
CONC TXD2,CSTM,TX421     
CONC TXD2,CSTM,TX422     
CONC TXD2,CSTM,TX423     
CONC TXD2,CSTM,TX423PII  
CONC TXD2,CSTM,TX424     
CONC TXD2,CSTM,"TX424,I   "
CONC TXD2,CSTM,"TX424,III "
CONC TXD2,CSTM,TX430     
CONC TXD2,CSTM,TX436     
CONC TXD2,CSTM,TX437     
CONC TXD2,CSTM,"TX437,II  "
CONC TXD2,CSTM,TX441     
CONC TXD2,CSTM,"TX447,I   "
CONC TXD2,CSTM,"TX447,II  "
CONC TXD2,CSTM,"TX447,III "
CONC TXD2,CSTM,TX472     
CONC TXD2,DIST,ASTMC1090 
CONC TXD2,DIST,ASTMC1202 
CONC TXD2,DIST,ASTMC1260 
CONC TXD2,DIST,ASTMC1399 
CONC TXD2,DIST,ASTMC1435 
CONC TXD2,DIST,ASTMC157  
CONC TXD2,DIST,ASTMC1609 
CONC TXD2,DIST,ASTMC1611 
CONC TXD2,DIST,ASTMC1741 
CONC TXD2,DIST,ASTMC403  
CONC TXD2,DIST,ASTMC469  
CONC TXD2,DIST,ASTMC882  
CONC TXD2,DIST,ASTMC953  
CONC TXD2,DIST,TX407     
CONC TXD2,DIST,TX414     
CONC TXD2,DIST,TX415     
CONC TXD2,DIST,TX416     
CONC TXD2,DIST,TX417     
CONC TXD2,DIST,TX421     
CONC TXD2,DIST,TX422     
CONC TXD2,DIST,TX423     
CONC TXD2,DIST,TX423PII  
CONC TXD2,DIST,TX424     
CONC TXD2,DIST,"TX424,I   "
CONC TXD2,DIST,"TX424,III "
CONC TXD2,DIST,TX430     
CONC TXD2,DIST,TX436     
CONC TXD2,DIST,TX437     
CONC TXD2,DIST,"TX437,II  "
CONC TXD2,DIST,TX441     
CONC TXD2,DIST,"TX447,I   "
CONC TXD2,DIST,"TX447,II  "
CONC TXD2,DIST,"TX447,III "
CONC TXD2,DIST,TX472     
CONC TXD3,CSTM,ASTMC1090 
CONC TXD3,CSTM,ASTMC1202 
CONC TXD3,CSTM,ASTMC1260 
CONC TXD3,CSTM,ASTMC1399 
CONC TXD3,CSTM,ASTMC1435 
CONC TXD3,CSTM,ASTMC157  
CONC TXD3,CSTM,ASTMC1609 
CONC TXD3,CSTM,ASTMC1611 
CONC TXD3,CSTM,ASTMC1741 
CONC TXD3,CSTM,ASTMC403  
CONC TXD3,CSTM,ASTMC469  
CONC TXD3,CSTM,ASTMC882  
CONC TXD3,CSTM,ASTMC953  
CONC TXD3,CSTM,TX407     
CONC TXD3,CSTM,TX414     
CONC TXD3,CSTM,TX415     
CONC TXD3,CSTM,TX416     
CONC TXD3,CSTM,TX417     
CONC TXD3,CSTM,TX421     
CONC TXD3,CSTM,TX422     
CONC TXD3,CSTM,TX423     
CONC TXD3,CSTM,TX423PII  
CONC TXD3,CSTM,TX424     
SOIL TXD1,CSTM,TX404     
SOIL TXD3,DIST,TX129     
SOIL TXD3,CSTM,TX142     
SOIL TXD1,DIST,TX115     
SOIL TXD2,CSTM,TX102     
SOIL TXD3,DIST,TX404     
SOIL TXD3,DIST,TX100     
AGGR TXD2,DIST,TX431     
AGGR TXD3,DIST,TX460PI   
AGGR TXD3,CSTM,TX413     
AGGR TXD1,DIST,TX224     
AGGR TXD2,CSTM,TX403     
AGGR TXD3,DIST,TX431     
AGGR TXD2,DIST,TX460PI   
AGGR TXD1,DIST,TX217PII  
AGGR TXD2,CSTM,TX409PII  
AGGR TXD1,CSTM,TX406PII  
AGGR TXD1,DIST,TX413     
AGGR TXD1,CSTM,TX411M    
AGGR TXD3,DIST,TX432     
AGGR TXD3,DIST,TX406PII  
AGGR TXD2,DIST,TX404     
AGGR TXD1,DIST,TX402     
AGGR TXD3,DIST,TX200     
AGGR TXD1,CSTM,TX406PIII 
AGGR TXD2,CSTM,TX217PI   
AGGR TXD2,DIST,TX409PII  
AGGR TXD3,CSTM,TX404     
AGGR TXD2,CSTM,TX406PIII 
AGGR TXD3,DIST,TX410     
AGGR TXD2,CSTM,TX432     
AGGR TXD2,CSTM,TX431     
AGGR TXD2,CSTM,TX438     
AGGR TXD1,DIST,TX403     
AGGR TXD1,DIST,TX410     
AGGR TXD3,CSTM,TX217PII  
AGGR TXD3,CSTM,TX400     
AGGR TXD3,DIST,TX400     
AGGR TXD2,CSTM,TX280     
AGGR TXD3,CSTM,TX460PI   
AGGR TXD2,DIST,TX433     
AGGR TXD2,CSTM,TX411M    
AGGR TXD3,CSTM,TX406PI   
AGGR TXD1,CSTM,TX410     
AGGR TXD2,DIST,TX403     
AGGR TXD2,CSTM,TX405     
AGGR TXD1,DIST,TX411M    
AGGR TXD2,CSTM,TX409PI   
AGGR TXD3,DIST,TX461     
AGGR TXD1,DIST,TX203     
AGGR TXD1,CSTM,TX403     
AGGR TXD2,DIST,TX406PII  
AGGR TXD3,DIST,TX406PI   
AGGR TXD2,DIST,TX401     
AGGR TXD2,DIST,TX432     
AGGR TXD2,DIST,TX461     
AGGR TXD1,DIST,TX217PI   
AGGR TXD3,CSTM,TX461     
AGGR TXD1,DIST,TX461     
AGGR TXD1,DIST,TX406PII  
AGGR TXD2,CSTM,TX400     
AGGR TXD3,CSTM,TX224     
AGGR TXD1,DIST,TX405     
AGGR TXD3,CSTM,TX431     
AGGR TXD3,CSTM,TX403     
AGGR TXD1,DIST,TX408     
AGGR TXD1,DIST,TX200     
AGGR TXD3,DIST,TX224     
AGGR TXD2,CSTM,TX402     
AGGR TXD1,CSTM,TX461     
AGGR TXD1,CSTM,TX405     
AGGR TXD1,DIST,TX409PII  
AGGR TXD2,CSTM,TX224     
AGGR TXD3,CSTM,TX410     
AGGR TXD2,DIST,TX402     
AGGR TXD3,CSTM,TX411M    
AGGR TXD1,DIST,TX406PI   
AGGR TXD3,DIST,TX217PI   
AGGR TXD2,CSTM,TX411S    
AGGR TXD3,DIST,TX401     
AGGR TXD1,DIST,TX409PI   
AGGR TXD3,CSTM,TX201     
AGGR TXD1,CSTM,TX432     
AGGR TXD2,DIST,TX438     
AGGR TXD3,DIST,TX403     
AGGR TXD1,DIST,TX432     
AGGR TXD3,DIST,TX411M    
AGGR TXD1,DIST,TX406PIII 
AGGR TXD3,DIST,TX406PIII 
AGGR TXD3,CSTM,TX406PII  
AGGR TXD2,CSTM,TX410     
AGGR TXD3,DIST,TX409PII  
AGGR TXD2,DIST,TX201     
AGGR TXD2,DIST,TX280     
AGGR TXD1,DIST,TX401     
AGGR TXD1,CSTM,TX433     
AGGR TXD2,DIST,TX408     
AGGR TXD3,DIST,TX411S    
AGGR TXD2,DIST,TX410     
AGGR TXD3,CSTM,TX408     
AGGR TXD2,CSTM,TX203     
AGGR TXD3,CSTM,TX203     
AGGR TXD3,DIST,TX433     
AGGR TXD1,CSTM,TX438     
AGGR TXD3,DIST,TX438     
AGGR TXD2,CSTM,TX408     
AGGR TXD2,CSTM,TX404     
AGGR TXD3,DIST,TX409PI   
AGGR TXD3,DIST,TX201     
AGGR TXD1,DIST,TX400     
AGGR TXD2,DIST,TX411S    
AGGR TXD3,CSTM,TX280     
AGGR TXD3,DIST,TX217PII  
AGGR TXD2,CSTM,TX200     
AGGR TXD2,CSTM,TX413     
AGGR TXD1,CSTM,TX411S    
AGGR TXD2,CSTM,TX460PI   
AGGR TXD3,CSTM,TX200     
AGGR TXD1,DIST,TX411S    
AGGR TXD2,CSTM,TX217PII  
AGGR TXD1,DIST,TX404     
AGGR TXD1,DIST,TX433     
AGGR TXD1,DIST,TX201     
AGGR TXD3,CSTM,TX409PI   
AGGR TXD2,DIST,TX406PI   
AGGR TXD2,CSTM,TX406PI   
AGGR TXD2,DIST,TX203     
AGGR TXD2,DIST,TX217PI   
AGGR TXD3,DIST,TX280     
AGGR TXD1,CSTM,TX431     
AGGR TXD1,DIST,TX431     
AGGR TXD2,CSTM,TX401     
AGGR TXD2,DIST,TX409PI   
AGGR TXD2,CSTM,TX433     
AGGR TXD2,CSTM,TX406PII  
AGGR TXD2,DIST,TX217PII  
AGGR TXD2,CSTM,TX461     
AGGR TXD3,CSTM,TX438     
AGGR TXD3,DIST,TX405     
AGGR TXD3,CSTM,TX432     
AGGR TXD3,CSTM,TX433     
AGGR TXD2,DIST,TX405     
AGGR TXD1,DIST,TX438     
AGGR TXD2,DIST,TX411M    
AGGR TXD3,DIST,TX408     
AGGR TXD2,DIST,TX406PIII 
AGGR TXD3,CSTM,TX217PI   
AGGR TXD3,CSTM,TX406PIII 
AGGR TXD3,DIST,TX402     
AGGR TXD2,CSTM,TX201     
AGGR TXD3,DIST,TX404     
AGGR TXD3,DIST,TX203     
AGGR TXD1,DIST,TX460PI   
AGGR TXD2,DIST,TX224     
AGGR TXD1,CSTM,TX409PI   
AGGR TXD3,DIST,TX413     
AGGR TXD2,DIST,TX400     
AGGR TXD3,CSTM,TX402     
AGGR TXD1,DIST,TX280     
AGGR TXD3,CSTM,TX411S    
AGGR TXD3,CSTM,TX409PII  
AGGR TXD3,CSTM,TX405     
AGGR TXD3,CSTM,TX401     
AGGR TXD2,DIST,TX200     
AGGR TXD1,CSTM,TX409PII  
AGGR TXD2,DIST,TX413     
STLB TXD1,CSTM,ASTMA1061 
STLB TXD1,CSTM,ASTMA1064 
STLB TXD1,CSTM,ASTMA370  
STLB TXD1,CSTM,ASTMA416  
STLB TXD1,CSTM,ASTMA6    
STLB TXD1,CSTM,ASTMA615  
STLB TXD1,CSTM,ASTMA706  
STLB TXD1,CSTM,ASTMA709  
STLB TXD1,CSTM,ASTMA931  
STLB TXD1,CSTM,ASTMA996  
STLB TXD1,CSTM,ASTME10   
STLB TXD1,CSTM,ASTME18   
STLB TXD1,CSTM,ASTMF3125 
STLB TXD1,CSTM,ASTMF606  
STLB TXD1,CSTM,TX712     
STLB TXD1,CSTM,TX743     
STLB TXD1,CSTM,TX744     
STLB TXD1,CSTM,TXTRST    
STLB TXD2,CSTM,ASTMA1061 
STLB TXD2,CSTM,ASTMA1064 
STLB TXD2,CSTM,ASTMA370  
STLB TXD2,CSTM,ASTMA416  
STLB TXD2,CSTM,ASTMA6    
STLB TXD2,CSTM,ASTMA615  
STLB TXD2,CSTM,ASTMA706  
STLB TXD2,CSTM,ASTMA709  
STLB TXD2,CSTM,ASTMA931  
STLB TXD2,CSTM,ASTMA996  
STLB TXD2,CSTM,ASTME10   
STLB TXD2,CSTM,ASTME18   
STLB TXD2,CSTM,ASTMF3125 
STLB TXD2,CSTM,ASTMF606  
STLB TXD2,CSTM,TX712     
STLB TXD2,CSTM,TX743     
STLB TXD2,CSTM,TX744     
STLB TXD2,CSTM,TXTRST    
STLB TXD3,CSTM,ASTMA1061 
STLB TXD3,CSTM,ASTMA1064 
STLB TXD3,CSTM,ASTMA370  
STLB TXD3,CSTM,ASTMA416  
STLB TXD3,CSTM,ASTMA6    
STLB TXD3,CSTM,ASTMA615  
STLB TXD3,CSTM,ASTMA706  
STLB TXD3,CSTM,ASTMA709  
STLB TXD3,CSTM,ASTMA931  
STLB TXD3,CSTM,ASTMA996  
STLB TXD3,CSTM,ASTME10   
STLB TXD3,CSTM,ASTME18   
STLB TXD3,CSTM,ASTMF3125 
STLB TXD3,CSTM,ASTMF606  
STLB TXD3,CSTM,TX712     
STLB TXD3,CSTM,TX743     
STLB TXD3,CSTM,TX744     
STLB TXD3,CSTM,TXTRST    
CEMT TXD1,CSTM,ASTMC109  
CEMT TXD1,CSTM,ASTMC114  
CEMT TXD1,CSTM,ASTMC151  
CEMT TXD1,CSTM,ASTMC187  
CEMT TXD1,CSTM,ASTMC188  
CEMT TXD1,CSTM,ASTMC191  
CEMT TXD1,CSTM,ASTMC204  
CEMT TXD1,CSTM,ASTMC230  
CEMT TXD1,CSTM,ASTMC430  
CEMT TXD1,CSTM,ASTMC511  
CEMT TXD2,CSTM,ASTMC109  
CEMT TXD2,CSTM,ASTMC114  
CEMT TXD2,CSTM,ASTMC151  
CEMT TXD2,CSTM,ASTMC187  
CEMT TXD2,CSTM,ASTMC188  
CEMT TXD2,CSTM,ASTMC191  
CEMT TXD2,CSTM,ASTMC204  
CEMT TXD2,CSTM,ASTMC230  
CEMT TXD2,CSTM,ASTMC430  
CEMT TXD2,CSTM,ASTMC511  
CEMT TXD3,CSTM,ASTMC109  
CEMT TXD3,CSTM,ASTMC114  
CEMT TXD3,CSTM,ASTMC151  
CEMT TXD3,CSTM,ASTMC187  
CEMT TXD3,CSTM,ASTMC188  
CEMT TXD3,CSTM,ASTMC191  
CEMT TXD3,CSTM,ASTMC204  
CEMT TXD3,CSTM,ASTMC230  
CEMT TXD3,CSTM,ASTMC430  
CEMT TXD3,CSTM,ASTMC511  
CONC TXDO,DIST,TX436     
CONC TXDO,DIST,"TX447,II  "
CONC TXDO,CSTM,TX472     
CONC TXDO,DIST,ASTMC953  
CONC TXDO,DIST,"TX447,I   "
CONC TXDO,DIST,ASTMC1741 
CONC TXDO,DIST,ASTMC1609 
CONC TXDO,CSTM,ASTMC882  
CONC TXDO,DIST,TX416     
CONC TXDO,DIST,ASTMC403  
CONC TXDO,DIST,"TX437,II  "
CONC TXDO,DIST,TX472     
CONC TXDO,CSTM,ASTMC953  
CONC TXDO,CSTM,ASTMC1260 
CONC TXDO,DIST,ASTMC1090 
CONC TXDO,CSTM,TX441     
CONC TXDO,DIST,"TX424,I   "
CONC TXDO,DIST,TX421     
CONC TXDO,CSTM,ASTMC1435 
CONC TXDO,CSTM,TX423PII  
CONC TXDO,DIST,TX441     
CONC TXDO,CSTM,TX415     
CONC TXDO,DIST,"TX447,III "
CONC TXDO,DIST,ASTMC157  
CONC TXDO,CSTM,ASTMC469  
CONC TXDO,CSTM,"TX424,III "
CONC TXDO,CSTM,TX421     
CONC TXDO,CSTM,TX416     
CONC TXDO,DIST,TX423     
CONC TXDO,CSTM,TX424     
CONC TXDO,DIST,TX414     
CONC TXDO,CSTM,ASTMC403  
CONC TXDO,DIST,ASTMC1260 
CONC TXDO,CSTM,ASTMC1399 
CONC TXDO,DIST,TX424     
CONC TXDO,DIST,ASTMC882  
CONC TXDO,CSTM,TX437     
CONC TXDO,CSTM,TX430     
CONC TXDO,CSTM,ASTMC1609 
CONC TXDO,DIST,TX415     
CONC TXDO,CSTM,ASTMC1090 
CONC TXDO,CSTM,ASTMC1202 
CONC TXDO,DIST,TX430     
CONC TXDO,DIST,ASTMC1435 
CONC TXDO,CSTM,TX436     
CONC TXDO,DIST,TX407     
CONC TXDO,DIST,"TX424,III "
CONC TXDO,CSTM,"TX447,III "
CONC TXDO,DIST,TX417     
CONC TXDO,CSTM,TX417     
CONC TXDO,CSTM,"TX424,I   "
CONC TXDO,CSTM,TX414     
CONC TXDO,CSTM,"TX437,II  "
CONC TXDO,CSTM,TX422     
CONC TXDO,DIST,TX422     
CONC TXDO,DIST,TX423PII  
CONC TXDO,DIST,ASTMC1202 
CONC TXDO,DIST,ASTMC1611 
CONC TXDO,CSTM,"TX447,I   "
CONC TXDO,DIST,ASTMC469  
CONC TXDO,CSTM,"TX447,II  "
CONC TXDO,CSTM,ASTMC1611 
CONC TXDO,CSTM,TX423     
CONC TXDO,DIST,ASTMC1399 
CONC TXDO,CSTM,ASTMC157  
CONC TXDO,CSTM,TX407     
CONC TXDO,DIST,TX437     
CONC TXDO,CSTM,ASTMC1741 
HMAC TXDO,CSTM,TX107     
HMAC TXDO,CSTM,TX201     
HMAC TXDO,CSTM,TX206     
HMAC TXDO,CSTM,TX206PI   
HMAC TXDO,CSTM,TX206PII  
HMAC TXDO,CSTM,TX207     
HMAC TXDO,CSTM,"TX207,27  "
HMAC TXDO,CSTM,"TX207,27A "
HMAC TXDO,CSTM,TX207PI   
HMAC TXDO,CSTM,TX207PII  
HMAC TXDO,CSTM,TX207PIII 
HMAC TXDO,CSTM,TX207PT4  
HMAC TXDO,CSTM,TX207PVI  
HMAC TXDO,CSTM,TX207PVIII
HMAC TXDO,CSTM,TX207V    
HMAC TXDO,CSTM,TX207V-4  
HMAC TXDO,CSTM,TX207VII  
HMAC TXDO,CSTM,TX208     
HMAC TXDO,CSTM,"TX208,31  "
HMAC TXDO,CSTM,TX210     
HMAC TXDO,CSTM,TX210PI   
HMAC TXDO,CSTM,TX210PII  
HMAC TXDO,CSTM,TX210PIII 
HMAC TXDO,CSTM,TX210PIV  
HMAC TXDO,CSTM,TX211     
HMAC TXDO,CSTM,TX212     
HMAC TXDO,CSTM,TX212P1   
HMAC TXDO,CSTM,TX213     
HMAC TXDO,CSTM,TX217     
HMAC TXDO,CSTM,TX217PI   
HMAC TXDO,CSTM,TX217PII  
HMAC TXDO,CSTM,TX217PIII 
HMAC TXDO,CSTM,TX221     
HMAC TXDO,CSTM,TX222     
HMAC TXDO,CSTM,TX224     
HMAC TXDO,CSTM,TX225     
HMAC TXDO,CSTM,TX225PI   
HMAC TXDO,CSTM,TX225PII  
HMAC TXDO,CSTM,TX226     
HMAC TXDO,CSTM,TX227     
HMAC TXDO,CSTM,TX227PI   
HMAC TXDO,CSTM,TX227PII  
HMAC TXDO,CSTM,TX227PIII 
HMAC TXDO,CSTM,TX228     
HMAC TXDO,CSTM,TX233     
HMAC TXDO,CSTM,TX235     
HMAC TXDO,CSTM,TX236     
HMAC TXDO,CSTM,TX241     
HMAC TXDO,CSTM,TX242     
HMAC TXDO,CSTM,TX244     
HMAC TXDO,CSTM,TX244-4   
HMAC TXDO,CSTM,TX245     
HMAC TXDO,CSTM,TX246     
HMAC TXDO,CSTM,TX249     
HMAC TXDO,CSTM,TX280     
HMAC TXDO,CSTM,TX400     
HMAC TXDO,CSTM,TX401     
HMAC TXDO,CSTM,TX401-2   
HMAC TXDO,CSTM,TX402     
HMAC TXDO,CSTM,TX404     
HMAC TXDO,CSTM,TX406     
HMAC TXDO,CSTM,TX406PI   
HMAC TXDO,CSTM,TX406PII  
HMAC TXDO,CSTM,TX406PIII 
HMAC TXDO,CSTM,TX408     
HMAC TXDO,CSTM,TX413     
HMAC TXDO,CSTM,TX460     
HMAC TXDO,CSTM,TX460PI   
HMAC TXDO,CSTM,TX460PII  
HMAC TXDO,CSTM,TX461     
HMAC TXDO,CSTM,TX500     
HMAC TXDO,CSTM,TX500PI   
HMAC TXDO,CSTM,TX500PII  
HMAC TXDO,CSTM,TX500PIII 
HMAC TXDO,CSTM,TX500PIV  
HMAC TXDO,CSTM,TX500PIX  
HMAC TXDO,CSTM,TX500PV   
HMAC TXDO,CSTM,TX500PVI  
HMAC TXDO,CSTM,TX500PVII 
HMAC TXDO,CSTM,TX500PVIII
HMAC TXDO,CSTM,TX530     
HMAC TXDO,DIST,TX107     
HMAC TXDO,DIST,TX201     
HMAC TXDO,DIST,TX206     
HMAC TXDO,DIST,TX206PI   
HMAC TXDO,DIST,TX206PII  
HMAC TXDO,DIST,TX207     
HMAC TXDO,DIST,"TX207,27  "
HMAC TXDO,DIST,"TX207,27A "
HMAC TXDO,DIST,TX207PI   
HMAC TXDO,DIST,TX207PII  
HMAC TXDO,DIST,TX207PIII 
HMAC TXDO,DIST,TX207PT4  
HMAC TXDO,DIST,TX207PVI  
HMAC TXDO,DIST,TX207PVIII
HMAC TXDO,DIST,TX207V    
HMAC TXDO,DIST,TX207V-4  
HMAC TXDO,DIST,TX207VII  
HMAC TXDO,DIST,TX208     
HMAC TXDO,DIST,"TX208,31  "
HMAC TXDO,DIST,TX210     
HMAC TXDO,DIST,TX210PI   
HMAC TXDO,DIST,TX210PII  
HMAC TXDO,DIST,TX210PIII 
HMAC TXDO,DIST,TX210PIV  
HMAC TXDO,DIST,TX211     
HMAC TXDO,DIST,TX212     
HMAC TXDO,DIST,TX212P1   
HMAC TXDO,DIST,TX213     
HMAC TXDO,DIST,TX217     
HMAC TXDO,DIST,TX217PI   
HMAC TXDO,DIST,TX217PII  
HMAC TXDO,DIST,TX217PIII 
HMAC TXDO,DIST,TX221     
HMAC TXDO,DIST,TX222     
HMAC TXDO,DIST,TX224     
HMAC TXDO,DIST,TX225     
HMAC TXDO,DIST,TX225PI   
HMAC TXDO,DIST,TX225PII  
HMAC TXDO,DIST,TX226     
HMAC TXDO,DIST,TX227     
HMAC TXDO,DIST,TX227PI   
HMAC TXDO,DIST,TX227PII  
HMAC TXDO,DIST,TX227PIII 
HMAC TXDO,DIST,TX228     
HMAC TXDO,DIST,TX233     
HMAC TXDO,DIST,TX235     
HMAC TXDO,DIST,TX236     
HMAC TXDO,DIST,TX241     
HMAC TXDO,DIST,TX242     
HMAC TXDO,DIST,TX244     
HMAC TXDO,DIST,TX244-4   
HMAC TXDO,DIST,TX245     
HMAC TXDO,DIST,TX246     
HMAC TXDO,DIST,TX249     
HMAC TXDO,DIST,TX280     
HMAC TXDO,DIST,TX400     
HMAC TXDO,DIST,TX401     
HMAC TXDO,DIST,TX401-2   
HMAC TXDO,DIST,TX402     
HMAC TXDO,DIST,TX404     
HMAC TXDO,DIST,TX406     
HMAC TXDO,DIST,TX406PI   
HMAC TXDO,DIST,TX406PII  
HMAC TXDO,DIST,TX406PIII 
HMAC TXDO,DIST,TX408     
HMAC TXDO,DIST,TX413     
HMAC TXDO,DIST,TX460     
HMAC TXDO,DIST,TX460PI   
HMAC TXDO,DIST,TX460PII  
HMAC TXDO,DIST,TX461     
HMAC TXDO,DIST,TX500     
HMAC TXDO,DIST,TX500PI   
HMAC TXDO,DIST,TX500PII  
HMAC TXDO,DIST,TX500PIII 
HMAC TXDO,DIST,TX500PIV  
HMAC TXDO,DIST,TX500PIX  
HMAC TXDO,DIST,TX500PV   
HMAC TXDO,DIST,TX500PVI  
HMAC TXDO,DIST,TX500PVII 
HMAC TXDO,DIST,TX500PVIII
HMAC TXDO,DIST,TX530     
SOIL TXD2,CSTM,TX400     
SOIL TXD1,CSTM,TX200     
SOIL TXD3,DIST,TX413     
SOIL TXD2,CSTM,TX148     
SOIL TXD1,DIST,TX105     
SOIL TXD3,DIST,TX105     
SOIL TXD1,DIST,TX120     
SOIL TXD3,DIST,TX117     
SOIL TXD3,DIST,TX128     
SOIL TXD1,CSTM,TX128     
SOIL TXD1,DIST,TX406     
SOIL TXD1,CSTM,TX120     
SOIL TXD1,CSTM,TX107     
SOIL TXD1,CSTM,TX402     
SOIL TXD1,DIST,TX413     
SOIL TXD3,CSTM,TX104     
SOIL TXD2,CSTM,TX104     
SOIL TXD2,CSTM,TX106     
SOIL TXD3,DIST,TX104     
SOIL TXD2,CSTM,TX128     
SOIL TXD3,CSTM,TX145     
SOIL TXD1,CSTM,TX280     
SOIL TXD1,CSTM,TX406     
SOIL TXD3,DIST,TX200     
SOIL TXD3,DIST,TX113     
SOIL TXD1,CSTM,TX103     
SOIL TXD3,DIST,TX203     
SOIL TXD2,CSTM,TX404     
SOIL TXD1,CSTM,TX116     
SOIL TXD3,DIST,TX461     
SOIL TXD3,DIST,TX460     
SOIL TXD3,CSTM,TX110     
SOIL TXD3,CSTM,TX120     
SOIL TXD3,DIST,TX114     
SOIL TXD1,CSTM,TX142     
SOIL TXD3,CSTM,TX101     
SOIL TXD1,CSTM,TX203     
SOIL TXD3,CSTM,TX116     
SOIL TXD1,DIST,TX113     
SOIL TXD3,DIST,TX107     
SOIL TXD1,DIST,TX106     
SOIL TXD2,CSTM,TX129     
SOIL TXD3,CSTM,TX148     
SOIL TXD1,DIST,TX103     
SOIL TXD2,CSTM,TX461     
SOIL TXD1,DIST,TX128     
SOIL TXD3,DIST,TX402     
SOIL TXD1,DIST,TX116     
SOIL TXD2,CSTM,TX120     
SOIL TXD1,CSTM,TX110     
SOIL TXD3,DIST,TX110     
SOIL TXD3,CSTM,TX121     
SOIL TXD2,CSTM,TX113     
SOIL TXD1,DIST,TX102     
SOIL TXD1,DIST,TX148     
SOIL TXD3,DIST,TX280     
SOIL TXD2,CSTM,TX203     
SOIL TXD3,CSTM,TX129     
SOIL TXD2,CSTM,TX140     
SOIL TXD1,CSTM,TX114     
SOIL TXD1,DIST,TX460     
SOIL TXD2,CSTM,TX402     
SOIL TXD3,CSTM,TX103     
SOIL TXD1,DIST,TX117     
SOIL TXD1,CSTM,TX461     
SOIL TXD1,CSTM,TX403     
SOIL TXD3,DIST,TX401     
SOIL TXD3,CSTM,TX402     
SOIL TXD1,CSTM,TX413     
SOIL TXD1,DIST,TX114     
SOIL TXD1,CSTM,TX102     
SOIL TXD2,CSTM,TX100     
SOIL TXD3,CSTM,TX401     
SOIL TXD3,DIST,TX400     
SOIL TXD3,CSTM,TX105     
SOIL TXD1,DIST,TX145     
SOIL TXD1,DIST,TX121     
SOIL TXD2,CSTM,TX107     
SOIL TXD1,CSTM,TX104     
SOIL TXD2,CSTM,TX103     
SOIL TXD3,CSTM,TX114     
SOIL TXD1,DIST,TX402     
SOIL TXD3,DIST,TX145     
SOIL TXD3,DIST,TX121     
SOIL TXD3,DIST,TX403     
SOIL TXD1,DIST,TX101     
SOIL TXD2,CSTM,TX200     
SOIL TXD3,CSTM,TX203     
SOIL TXD2,CSTM,TX116     
SOIL TXD1,CSTM,TX401     
SOIL TXD3,CSTM,TX460     
SOIL TXDO,DIST,TX114     
SOIL TXDO,CSTM,TX107     
SOIL TXDO,CSTM,TX121     
SOIL TXDO,CSTM,TX114     
SOIL TXDO,CSTM,TX401     
SOIL TXDO,DIST,TX145     
SOIL TXDO,DIST,TX461     
AGGR TXDO,CSTM,TX409PII  
AGGR TXDO,DIST,TX413     
AGGR TXDO,CSTM,TX406PII  
AGGR TXDO,CSTM,TX432     
AGGR TXDO,DIST,TX404     
AGGR TXDO,CSTM,TX217PII  
AGGR TXDO,DIST,TX201     
AGGR TXDO,CSTM,TX409PI   
AGGR TXDO,DIST,TX200     
AGGR TXDO,CSTM,TX200     
AGGR TXDO,DIST,TX411S    
AGGR TXDO,DIST,TX409PI   
AGGR TXDO,DIST,TX280     
AGGR TXDO,CSTM,TX433     
AGGR TXDO,CSTM,TX400     
AGGR TXDO,DIST,TX438     
AGGR TXDO,DIST,TX432     
AGGR TXDO,CSTM,TX413     
AGGR TXDO,DIST,TX409PII  
AGGR TXDO,DIST,TX405     
AGGR TXDO,DIST,TX431     
AGGR TXDO,DIST,TX401     
AGGR TXDO,DIST,TX224     
AGGR TXDO,CSTM,TX404     
AGGR TXDO,CSTM,TX461     
AGGR TXDO,CSTM,TX201     
AGGR TXDO,CSTM,TX405     
AGGR TXDO,CSTM,TX217PI   
AGGR TXDO,DIST,TX217PI   
AGGR TXDO,CSTM,TX411M    
AGGR TXDO,CSTM,TX280     
AGGR TXDO,CSTM,TX460PI   
AGGR TXDO,DIST,TX406PI   
AGGR TXDO,DIST,TX402     
AGGR TXDO,DIST,TX406PII  
AGGR TXDO,CSTM,TX401     
AGGR TXDO,DIST,TX433     
AGGR TXDO,CSTM,TX411S    
AGGR TXDO,CSTM,TX431     
AGGR TXDO,DIST,TX400     
AGGR TXDO,DIST,TX406PIII 
AGGR TXDO,DIST,TX411M    
AGGR TXDO,CSTM,TX406PI   
AGGR TXDO,CSTM,TX224     
AGGR TXDO,CSTM,TX403     
AGGR TXDO,DIST,TX203     
AGGR TXDO,CSTM,TX406PIII 
AGGR TXDO,DIST,TX460PI   
AGGR TXDO,DIST,TX403     
AGGR TXDO,DIST,TX461     
AGGR TXDO,DIST,TX217PII  
AGGR TXDO,CSTM,TX203     
AGGR TXDO,CSTM,TX408     
AGGR TXDO,DIST,TX410     
AGGR TXDO,CSTM,TX402     
AGGR TXDO,CSTM,TX410     
AGGR TXDO,CSTM,TX438     
AGGR TXDO,DIST,TX408     
STLB TXDO,CSTM,ASTMA1061 
STLB TXDO,CSTM,ASTMA1064 
STLB TXDO,CSTM,ASTMA370  
STLB TXDO,CSTM,ASTMA416  
STLB TXDO,CSTM,ASTMA6    
STLB TXDO,CSTM,ASTMA615  
STLB TXDO,CSTM,ASTMA706  
STLB TXDO,CSTM,ASTMA709  
STLB TXDO,CSTM,ASTMA931  
STLB TXDO,CSTM,ASTMA996  
STLB TXDO,CSTM,ASTME10   
STLB TXDO,CSTM,ASTME18   
STLB TXDO,CSTM,ASTMF3125 
STLB TXDO,CSTM,ASTMF606  
STLB TXDO,CSTM,TX712     
STLB TXDO,CSTM,TX743     
STLB TXDO,CSTM,TX744     
STLB TXDO,CSTM,TXTRST    
STLB TXDO,TXDO,ASTMA1061 
STLB TXDO,TXDO,ASTMA1064 
STLB TXDO,TXDO,ASTMA370  
STLB TXDO,TXDO,ASTMA416  
STLB TXDO,TXDO,ASTMA6    
STLB TXDO,TXDO,ASTMA615  
STLB TXDO,TXDO,ASTMA706  
STLB TXDO,TXDO,ASTMA709  
STLB TXDO,TXDO,ASTMA931  
STLB TXDO,TXDO,ASTMA996  
STLB TXDO,TXDO,ASTME10   
STLB TXDO,TXDO,ASTME18   
STLB TXDO,TXDO,ASTMF3125 
STLB TXDO,TXDO,ASTMF606  
STLB TXDO,TXDO,TX712     
STLB TXDO,TXDO,TX743     
STLB TXDO,TXDO,TX744     
STLB TXDO,TXDO,TXTRST    
CEMT TXDO,CSTM,ASTMC109  
CEMT TXDO,CSTM,ASTMC114  
CEMT TXDO,CSTM,ASTMC151  
CEMT TXDO,CSTM,ASTMC187  
CEMT TXDO,CSTM,ASTMC188  
CEMT TXDO,CSTM,ASTMC191  
CEMT TXDO,CSTM,ASTMC204  
CEMT TXDO,CSTM,ASTMC230  
CEMT TXDO,CSTM,ASTMC430  
CEMT TXDO,CSTM,ASTMC511  
ASPH TXD2,CSTM,AASHTO315 
ASPH TXD2,CSTM,AASHTOR28 
ASPH TXD2,CSTM,AASHTOT179
ASPH TXD2,CSTM,AASHTOT201
ASPH TXD2,CSTM,AASHTOT202
ASPH TXD2,CSTM,AASHTOT228
ASPH TXD2,CSTM,AASHTOT240
ASPH TXD2,CSTM,AASHTOT295
ASPH TXD2,CSTM,AASHTOT301
ASPH TXD2,CSTM,AASHTOT316
ASPH TXD2,CSTM,AASHTOT313
ASPH TXD2,CSTM,AASHTOT44 
ASPH TXD2,CSTM,AASHTOT48 
ASPH TXD2,CSTM,AASHTOT49 
ASPH TXD2,CSTM,AASHTOT50 
ASPH TXD2,CSTM,AASHTOT51 
ASPH TXD2,CSTM,AASHTOT53 
ASPH TXD2,CSTM,AASHTOT59 
ASPH TXD2,CSTM,AASHTOT78 
ASPH TXDO,CSTM,AASHTO315 
ASPH TXDO,CSTM,AASHTOR28 
ASPH TXDO,CSTM,AASHTOT179
ASPH TXDO,CSTM,AASHTOT202
ASPH TXDO,CSTM,AASHTOT201
ASPH TXDO,CSTM,AASHTOT228
ASPH TXDO,CSTM,AASHTOT240
ASPH TXDO,CSTM,AASHTOT295
ASPH TXDO,CSTM,AASHTOT301
ASPH TXDO,CSTM,AASHTOT313
ASPH TXDO,CSTM,AASHTOT315
ASPH TXDO,CSTM,AASHTOT316
ASPH TXDO,CSTM,AASHTOT44 
ASPH TXDO,CSTM,AASHTOT48 
ASPH TXDO,CSTM,AASHTOT49 
ASPH TXDO,CSTM,AASHTOT50 
ASPH TXDO,CSTM,AASHTOT51 
ASPH TXDO,CSTM,AASHTOT53 
ASPH TXDO,CSTM,AASHTOT59 
ASPH TXDO,CSTM,AASHTOT78 
ASPH TXDO,CSTM,----      
ASPH TXD1,CSTM,ASTMD7405 
ASPH TXD2,CSTM,ASTMD7405 
ASPH TXDO,CSTM,ASTMD7405 
CONC TXD1,CSTM,TX428     
CONC TXDO,CSTM,TX428     
CONC TXD3,CSTM,TX428     
CONC TXD2,CSTM,TX428     
AGGR LV1C,HMA ,TX200     
AGGR LV1C,HMA ,TX217PI   
AGGR LV1C,HMA ,TX217PII  
SOIL TXD1,CSTM,TX111     
SOIL TXD1,CSTM,TX110PII  
SOIL TXD1,CSTM,TX115PII  
SOIL TXD1,CSTM,TX126     
SOIL TXD1,CSTM,TX127     
SOIL TXD1,CSTM,TX130     
SOIL TXD1,CSTM,TX146     
SOIL TXD1,CSTM,ASTMD6951 
SOIL TXDO,CSTM,TX111     
SOIL TXDO,CSTM,TX110PII  
SOIL TXDO,CSTM,TX115PII  
SOIL TXDO,CSTM,TX126     
SOIL TXDO,CSTM,TX127     
SOIL TXDO,CSTM,TX130     
SOIL TXDO,CSTM,TX146     
SOIL TXDO,CSTM,ASTMD6951 
SOIL TXD2,CSTM,TX110PII  
SOIL TXD2,CSTM,TX111     
SOIL TXD2,CSTM,TX115PII  
SOIL TXD2,CSTM,TX126     
SOIL TXD2,CSTM,TX127     
SOIL TXD2,CSTM,TX130     
SOIL TXD2,CSTM,TX146     
SOIL TXD2,CSTM,ASTMD6951 
SOIL TXD3,CSTM,TX111     
SOIL TXD3,CSTM,TX110PII  
SOIL TXD3,CSTM,TX115PII  
SOIL TXD3,CSTM,TX126     
SOIL TXD3,CSTM,TX127     
SOIL TXD3,CSTM,TX130     
SOIL TXD3,CSTM,TX146     
SOIL TXD3,CSTM,ASTMD6951 
AGGR TXD1,CSTM,TX200     
AGGR TXD1,CSTM,TX201     
AGGR TXD1,CSTM,TX203     
AGGR TXD1,CSTM,TX212     
AGGR TXD1,CSTM,TX217     
AGGR TXD1,CSTM,TX217PI   
AGGR TXD1,CSTM,TX217PII  
AGGR TXD1,CSTM,TX217PIII 
AGGR TXD1,CSTM,TX221     
AGGR TXD1,CSTM,TX224     
AGGR TXD1,CSTM,TX280     
AGGR TXD1,CSTM,TX400     
AGGR TXD1,CSTM,TX401     
AGGR TXD1,CSTM,TX402     
AGGR TXD1,CSTM,TX404     
AGGR TXD1,CSTM,TX406     
AGGR TXD1,CSTM,TX406PI   
AGGR TXD1,CSTM,TX408     
AGGR TXD1,CSTM,TX413     
AGGR TXD1,CSTM,TX460     
AGGR TXD1,CSTM,TX460PI   
AGGR TXD2,CSTM,TX460     
AGGR TXD2,CSTM,TX212     
AGGR TXD2,CSTM,TX217PIII 
AGGR TXD2,CSTM,TX221     
ASPH TXD1,CSTM,TX500     
ASPH TXD2,CSTM,TX500     
ASPH TXD3,CSTM,TX500     
ASPH TXDO,CSTM,TX500     
ASPH ASPF,CSTM,TX500     
ASPH ASPF,DIST,TX500     
HMAC LV1E,HMA ,TX207PI   
HMAC LV1E,HMA ,TX207PVI  
HMAC LV1E,HMA ,TX207PVIII
HMAC LV1E,HMA ,TX225PI   
HMAC LV1E,HMA ,TX226     
HMAC LV1E,HMA ,TX227PII  
HMAC LV1E,HMA ,TX242     
HMAC LV1E,HMA ,TX245     
HMAC LV1E,HMA ,TX500PI   
HMAC LV1E,HMA ,TX500PII  
HMAC LV1E,HMA ,TX500PIII 
HMAC LV1E,HMA ,TX500PIX  
HMAC LV1A,CSTM,TX236PI   
HMAC LV1A,CSTM,TX212PII  
HMAC LV1A,CSTM,TX251     
HMAC LV1A,HMA ,TX236PI   
HMAC LV1A,HMA ,TX212PII  
HMAC LV1A,HMA ,TX251     
HMAC LV1E,HMA ,TX236PI   
SOIL TXDO,DIST,TX130     
ASPH TXD1,CSTM,AASHTOT48 
ASPH TXD3,CSTM,AASHTOT201
ASPH TXD3,CSTM,AASHTO315 
ASPH TXD3,CSTM,AASHTOR28 
ASPH TXD3,CSTM,AASHTOT179
ASPH TXD3,CSTM,AASHTOT202
ASPH TXD3,CSTM,AASHTOT228
ASPH TXD3,CSTM,AASHTOT240
ASPH TXD3,CSTM,AASHTOT295
ASPH TXD3,CSTM,AASHTOT301
ASPH TXD3,CSTM,AASHTOT313
ASPH TXD3,CSTM,AASHTOT315
ASPH TXD3,CSTM,AASHTOT316
ASPH TXD3,CSTM,AASHTOT44 
ASPH TXD3,CSTM,AASHTOT48 
ASPH TXD3,CSTM,AASHTOT49 
ASPH TXD3,CSTM,AASHTOT50 
ASPH TXD3,CSTM,AASHTOT51 
ASPH TXD3,CSTM,AASHTOT53 
ASPH TXD3,CSTM,AASHTOT59 
ASPH TXD3,CSTM,AASHTOT78 
ASPH TXD3,CSTM,ASTMD7405 
AGGR TXD1,CSTM,TX411     
AGGR TXD1,DIST,TX411     
AGGR TXD2,CSTM,TX411     
AGGR TXD2,DIST,TX411     
AGGR TXD3,CSTM,TX411     
AGGR TXD3,DIST,TX411     
AGGR TXDO,CSTM,TX411     
AGGR TXDO,DIST,TX411     
AGGR AGG1,HMA ,TX217     
ASPH TXD4,CSTM,AASHTOR28 
ASPH TXD4,CSTM,AASHTOT179
AGGR AGG1,HMA ,TX200     
ASPH TXD4,CSTM,AASHTO315 
ASPH TXD4,CSTM,AASHTOT201
ASPH TXD4,CSTM,AASHTOT202
ASPH TXD4,CSTM,AASHTOT228
ASPH TXD4,CSTM,AASHTOT240
ASPH TXD4,CSTM,AASHTOT295
ASPH TXD4,CSTM,AASHTOT301
ASPH TXD4,CSTM,AASHTOT315
ASPH TXD4,CSTM,AASHTOT313
ASPH TXD4,CSTM,AASHTOT316
ASPH TXD4,CSTM,AASHTOT44 
ASPH TXD4,CSTM,AASHTOT48 
ASPH TXD4,CSTM,AASHTOT49 
ASPH TXD4,CSTM,AASHTOT50 
ASPH TXD4,CSTM,AASHTOT51 
ASPH TXD4,CSTM,AASHTOT53 
ASPH TXD4,CSTM,AASHTOT59 
ASPH TXD4,CSTM,AASHTOT78 
ASPH TXD4,CSTM,----      
ASPH TXD4,CSTM,TX500     
ASPH TXD4,CSTM,ASTMD7405 
SOIL TXD1,DIST,TX130     
AGGR AGG1,HMA ,TX406     
RIDE RIDp,CSTM,TX1001    
CONC TXD3,DIST,ASTMD2369 
AGGR LV1C,HMA ,TX406PI   
AGGR LV1C,HMA ,TX460     
AGGR AGG1,HMA ,TX201     
AGGR AGG1,HMA ,TX404     
AGGR AGG1,HMA ,TX460PI   
TMAT TXDO,CSTM,ASTMD1210 
TMAT TXDO,CSTM,ASTMD523  
HMAC LVL2,HMA ,TXARDES   
AGGR TXDO,CSTM,TX406     
AGGR TXD3,CSTM,TX406     
AGGR TXD2,CSTM,TX406     
HMAC LV1E,HMA ,TX212PII  
HMAC LV1E,HMA ,TX251     
HMAC LV1B,CSTM,TX251     
HMAC LV1B,HMA ,TX251     
HMAC LVL2,CSTM,TX236PII  
HMAC LVL2,HMA ,TX236PII  
SOIL TXD1,CSTM,TX144-14  
SOIL TXD1,CSTM,TX144     
SOIL TXD2,CSTM,TX144     
SOIL TXD2,CSTM,TX144-14  
SOIL TXD3,CSTM,TX144     
SOIL TXD3,CSTM,TX144-14  
SOIL TXDO,CSTM,TX144     
SOIL TXDO,CSTM,TX144-14  
SOIL 202,HMA ,TX121P3   
SOIL 202,HMA ,TX120PI   
SOIL 202,HMA ,TX120PII  
SOIL 202,HMA ,TX121PI   
SOIL 202,HMA ,TX121PII  
CONC TXD1,CSTM,ASTMC1856 
CONC TXD2,CSTM,ASTMC1856 
CONC TXD3,CSTM,ASTMC1856 
CONC TXDO,CSTM,ASTMC1856 
CONC TXDO,CSTM,TX442     
SOIL TXD1,DIST,ASTMD6951 
SOIL TXD3,DIST,ASTMD6951 
SOIL TXDO,DIST,ASTMD6951 
SOIL TXD1,DIST,TX111     
SOIL TXD3,DIST,TX111     
SOIL TXDO,DIST,TX111     
SOIL TXD2,DIST,TX148     
AGGR TXD1,DIST,TX217     
AGGR TXD2,DIST,TX217     
AGGR TXD3,DIST,TX217     
AGGR TXDO,DIST,TX217     
AGGR TXD1,DIST,TX406     
AGGR TXD2,DIST,TX406     
AGGR TXD3,DIST,TX406     
AGGR TXDO,DIST,TX406     
CONC AGGR,ACI1,HOLDER    
STRU AGGR,ACI1,HOLDER    
STRU SCC ,ACI1,HOLDER    
CONC TXD2,CSTM,TX442     
CEMT TXD1,CSTM,ASTMC1437 
CHEM TXDO,CSTM,TX600     
ASPH TXD1,CSTM,AASHTOT78 
ASPH TXD1,CSTM,AASHTO315 
ASPH TXD1,CSTM,AASHTOR28 
ASPH TXD1,CSTM,AASHTOT179
ASPH TXD1,CSTM,AASHTOT201
ASPH TXD1,CSTM,T201      
ASPH TXD1,CSTM,AASHTOT49 
ASPH TXD1,CSTM,AASHTOT240
ASPH TXD1,CSTM,AASHTOT53 
ASPH TXD1,CSTM,AASHTOT44 
ASPH TXD1,CSTM,AASHTOT228
ASPH TXD1,CSTM,T59       
ASPH TXD1,CSTM,AASHTOT313
ASPH TXD1,CSTM,AASHTOT202
ASPH TXD1,CSTM,AASHTOT295
ASPH TXD1,CSTM,AASHTOT301
ASPH TXD1,CSTM,AASHTOT316
ASPH TXD1,CSTM,AASHTOT50 
ASPH TXD1,CSTM,AASHTOT51 
ASPH TXD1,CSTM,AASHTOT59 
RIDE RIDu,RIDE,TX1001    
CONC TXD1,CSTM,ASTMC1610 
CONC TXD1,CSTM,ASTMC1621 
CONC TXD1,CSTM,ASTMC232  
HMAC LV1A,HMA ,TX226     
CONC TXD2,CSTM,ASTMC1610 
HMAC LV1A,HMA ,TX242     
HMAC LV1A,HMA ,TX245     
HMAC LV1A,HMA ,TX500PI   
HMAC LV1A,HMA ,TX500PIII 
HMAC LV1A,HMA ,TX227PII  
HMAC LV1A,HMA ,TX225PI   
CONC TXD2,CSTM,ASTMC1621 
CONC TXD2,CSTM,ASTMC232  
CONC TXD3,CSTM,ASTMC1610 
CONC TXD3,CSTM,ASTMC1621 
CONC TXD3,CSTM,ASTMC232  
CONC TXDO,CSTM,ASTMC1610 
CONC TXDO,CSTM,ASTMC1621 
CONC TXDO,CSTM,ASTMC232  
HMAC LV1B,CSTM,TX207PT4  
HMAC LV1B,CSTM,TX207V-4  
HMAC LV1B,CSTM,TX225PII  
HMAC LV1B,CSTM,TX244-4   
HMAC LV1B,CSTM,TX500PII  
HMAC LV1B,CSTM,TX500PIII 
HMAC LV1B,HMA ,TX207PIII 
EMUL TXD2,CSTM,AASHTOT301
EMUL TXD2,CSTM,AASHTOT50 
EMUL TXD2,CSTM,AASHTOT51 
HMAC LV1B,CSTM,TX207PIII 
HMAC LV1B,HMA ,TX207PT4  
HMAC LV1B,HMA ,TX207V-4  
HMAC LV1B,HMA ,TX225PII  
HMAC LV1B,HMA ,TX244-4   
HMAC LV1B,HMA ,TX500PII  
HMAC LV1B,HMA ,TX500PIII 
ASPH TXDO,CSTM,TXTRAS    
ASPH TXDO,CSTM,TXTRASPH  
CONC TXD1,DIST,TX448     
CONC TXD2,DIST,TX448     
CONC TXD3,DIST,TX448     
CONC TXDO,DIST,TX448     
RIDE RIDt,RIDE,TX1001    
RIDE RIDs,RIDE,TX1001    
SOIL TXD1,CSTM,TX405     
SOIL TXD1,CSTM,TX409     
SOIL TXD1,CSTM,TX409PI   
SOIL TXD1,CSTM,TX409PII  
SOIL TXD1,DIST,TX405     
SOIL TXD1,DIST,TX409     
SOIL TXD1,DIST,TX409PI   
SOIL TXD1,DIST,TX409PII  
SOIL TXD2,CSTM,TX405     
SOIL TXD2,CSTM,TX409     
SOIL TXD2,CSTM,TX409PI   
SOIL TXD2,CSTM,TX409PII  
SOIL TXD3,CSTM,TX405     
SOIL TXD3,CSTM,TX409     
SOIL TXD3,CSTM,TX409PI   
SOIL TXD3,CSTM,TX409PII  
SOIL TXD3,DIST,TX405     
SOIL TXD3,DIST,TX409     
SOIL TXD3,DIST,TX409PI   
SOIL TXD3,DIST,TX409PII  
SOIL TXDO,CSTM,TX405     
SOIL TXDO,CSTM,TX409     
SOIL TXDO,CSTM,TX409PI   
SOIL TXDO,CSTM,TX409PII  
SOIL TXDO,DIST,TX405     
SOIL TXDO,DIST,TX409     
SOIL TXDO,DIST,TX409PI   
SOIL TXDO,DIST,TX409PII  
HMAC LVL2,CSTM,TX205     
HMAC LV1A,CSTM,TX200     
HMAC LV1A,CSTM,TX207PI   
HMAC LV1A,CSTM,TX207PVI  
HMAC LV1A,CSTM,TX207PVIII
HMAC LV1A,CSTM,TX225PI   
HMAC LV1A,CSTM,TX226     
HMAC LV1A,CSTM,TX227PII  
HMAC LV1A,CSTM,TX242     
HMAC LV1A,CSTM,TX245     
HMAC LV1A,CSTM,TX500PI   
HMAC LV1A,CSTM,TX500PII  
HMAC LV1A,CSTM,TX500PIII 
HMAC LV1A,CSTM,TX500PIX  
HMAC LV1A,HMA ,TX200PII  
HMAC LV1A,HMA ,TX500PII  
HMAC LV1A,HMA ,TX500PIX  
HMAC LV1E,HMA ,TX200PI   
HMAC LV1E,HMA ,TX200PII  
SOIL TXDO,CSTM,TX104     
SOIL TXDO,DIST,TX142     
SOIL TXDO,CSTM,TX402     
SOIL TXDO,DIST,TX129     
SOIL TXDO,DIST,TX120     
SOIL TXDO,CSTM,TX106     
SOIL TXDO,CSTM,TX129     
SOIL TXDO,DIST,TX148     
SOIL TXDO,DIST,TX402     
SOIL TXDO,DIST,TX117     
SOIL TXDO,CSTM,TX403     
SOIL TXDO,DIST,TX116     
SOIL TXDO,DIST,TX200     
SOIL TXDO,CSTM,TX461     
SOIL TXDO,DIST,TX460     
SOIL TXDO,CSTM,TX413     
SOIL TXDO,DIST,TX101     
SOIL TXDO,DIST,TX280     
SOIL TXDO,CSTM,TX117     
SOIL TXDO,CSTM,TX404     
SOIL TXDO,DIST,TX113     
SOIL TXDO,DIST,TX115     
SOIL TXDO,DIST,TX107     
SOIL TXDO,CSTM,TX113     
SOIL TXDO,DIST,TX103     
SOIL TXDO,CSTM,TX280     
SOIL TXDO,CSTM,TX460     
SOIL TXDO,DIST,TX102     
SOIL TXDO,DIST,TX110     
SOIL TXDO,DIST,TX105     
SOIL TXDO,CSTM,TX101     
SOIL TXDO,CSTM,TX100     
SOIL TXDO,CSTM,TX203     
SOIL TXDO,DIST,TX128     
SOIL TXDO,CSTM,TX105     
SOIL TXDO,CSTM,TX110     
SOIL TXDO,DIST,TX401     
SOIL TXDO,CSTM,TX102     
SOIL TXDO,DIST,TX121     
SOIL TXDO,DIST,TX403     
SOIL TXDO,CSTM,TX116     
SOIL TXDO,DIST,TX106     
SOIL TXDO,CSTM,TX128     
SOIL TXDO,DIST,TX100     
SOIL TXDO,CSTM,TX406     
SOIL TXDO,CSTM,TX145     
SOIL TXDO,CSTM,TX103     
SOIL TXDO,CSTM,TX140     
SOIL TXDO,CSTM,TX200     
SOIL TXDO,DIST,TX140     
SOIL TXDO,CSTM,TX120     
SOIL TXDO,DIST,TX404     
SOIL TXDO,DIST,TX104     
SOIL TXDO,DIST,TX406     
SOIL TXDO,DIST,TX203     
SOIL TXDO,CSTM,TX400     
SOIL TXDO,DIST,TX413     
SOIL TXDO,CSTM,TX148     
SOIL TXDO,DIST,TX400     
SOIL TXDO,CSTM,TX115     
SOIL TXDO,CSTM,TX142     
CHEM TXD1,CSTM,TX600     
CHEM TXD1,CSTM,TX617     
CHEM TXD1,CSTM,TX619     
CHEM TXD1,CSTM,TX620     
CHEM TXD1,CSTM,AASHTOT26 
HMAC TXD6,CSTM,TX210PI   
HMAC TXD6,CSTM,TX210PII  
HMAC TXD6,CSTM,TX210PIII 
HMAC TXD6,CSTM,TX210PIV  
HMAC TXD6,CSTM,TX217PI   
HMAC TXD6,CSTM,TX217PII  
HMAC TXD6,CSTM,TX225PI   
HMAC TXD6,CSTM,TX225PII  
HMAC TXD6,CSTM,TX227PI   
HMAC TXD6,CSTM,TX227PII  
HMAC TXD6,CSTM,TX227PIII 
HMAC TXD6,CSTM,TX406PI   
HMAC TXD6,CSTM,TX406PII  
HMAC TXD6,CSTM,TX249     
HMAC TXD6,CSTM,TX460PI   
HMAC TXD6,CSTM,TX460PII  
HMAC TXD6,CSTM,TX500PI   
HMAC TXD6,CSTM,TX500PII  
HMAC TXD6,CSTM,TX500PIII 
HMAC TXD6,CSTM,TX500PIV  
HMAC TXD6,CSTM,TX500PV   
HMAC TXD6,CSTM,TX500PVI  
HMAC TXD6,CSTM,TX500PVII 
HMAC TXD6,CSTM,TX500PVIII
HMAC TXD6,CSTM,TX500PIX  
HMAC TXD6,CSTM,ASTMD3549 
HMAC TXD6,CSTM,AASHTOT305
HMAC TXD6,CSTM,AASHTOT329
HMAC TXD6,CSTM,AASHTOT355
HMAC TXD6,CSTM,T287      
HMAC TXD7,CSTM,TX242     
HMAC TXD7,CSTM,TX244     
HMAC TXD7,CSTM,TX280     
HMAC TXD7,CSTM,TX400     
HMAC TXD7,CSTM,TX401     
HMAC TXD7,CSTM,TX401-2   
HMAC TXD7,CSTM,TX402     
HMAC TXD7,CSTM,TX404     
HMAC TXD7,CSTM,TX406     
HMAC TXD7,CSTM,TX408     
HMAC TXD7,CSTM,TX413     
HMAC TXD7,CSTM,TX460     
HMAC TXD7,CSTM,TX461     
HMAC TXD7,CSTM,TX530     
HMAC TXD7,CSTM,TX107     
HMAC TXD7,CSTM,TX201     
HMAC TXD7,CSTM,TX207     
HMAC TXD7,CSTM,TX206     
HMAC TXD7,CSTM,"TX207,27  "
HMAC TXD7,CSTM,TX207PT4  
HMAC TXD7,CSTM,TX207V    
HMAC TXD7,CSTM,TX207VII  
HMAC TXD7,CSTM,TX208     
HMAC TXD7,CSTM,"TX208,31  "
HMAC TXD7,CSTM,TX210     
HMAC TXD7,CSTM,TX211     
HMAC TXD7,CSTM,TX212     
HMAC TXD7,CSTM,TX213     
HMAC TXD7,CSTM,TX217     
HMAC TXD7,CSTM,TX221     
HMAC TXD7,CSTM,TX222     
HMAC TXD7,CSTM,TX224     
HMAC TXD7,CSTM,TX225     
HMAC TXD7,CSTM,TX226     
HMAC TXD7,CSTM,TX227     
HMAC TXD7,CSTM,TX228     
HMAC TXD7,CSTM,TX233     
HMAC TXD7,CSTM,TX235     
HMAC TXD7,CSTM,TX236     
HMAC TXD7,CSTM,TX241     
HMAC TXD7,CSTM,TX246     
HMAC TXD7,CSTM,TX244-4   
HMAC TXD7,CSTM,"TX207,27A "
HMAC TXD7,CSTM,TX245     
HMAC TXD7,CSTM,TX207V-4  
HMAC TXD7,CSTM,TX500     
HMAC TXD7,CSTM,TX217PIII 
HMAC TXD7,CSTM,TX212P1   
HMAC TXD7,CSTM,TX406PIII 
HMAC TXD7,CSTM,AASHTOR59 
HMAC TXD7,CSTM,AASHTOT30 
HMAC TXD7,CSTM,AASHTO110 
HMAC TXD7,CSTM,AASHTO164 
HMAC TXD7,CSTM,AASHTO166 
HMAC TXD7,CSTM,AASHTO209 
HMAC TXD7,CSTM,ASTMD2041 
TMAT TXD1,CSTM,ASTMD1210 
TMAT TXD1,CSTM,ASTMD1475 
TMAT TXD1,CSTM,ASTMD1640 
TMAT TXD1,CSTM,ASTMD2369 
TMAT TXD1,CSTM,ASTMD4400 
TMAT TXD1,CSTM,ASTMD521  
TMAT TXD1,CSTM,ASTMD711  
TMAT TXDO,CSTM,TX434     
TMAT TXDO,CSTM,TX842     
TMAT TXDO,CSTM,TX863     
TMAT TXD2,CSTM,ASTMD1210 
TMAT TXD2,CSTM,ASTMD1475 
TMAT TXD2,CSTM,ASTMD1640 
TMAT TXD2,CSTM,ASTMD2369 
TMAT TXD2,CSTM,ASTMD4400 
TMAT TXD2,CSTM,ASTMD521  
TMAT TXD2,CSTM,ASTMD523  
TMAT TXD2,CSTM,ASTMD711  
TMAT TXD2,CSTM,TX434     
TMAT TXD2,CSTM,TX839     
TMAT TXD2,CSTM,TX842     
TMAT TXD2,CSTM,TX863     
TMAT TXD2,CSTM,TX888     
TMAT TXD2,CSTM,TXTRCO    
TMAT TXD3,CSTM,ASTMD1210 
TMAT TXD3,CSTM,ASTMD1475 
TMAT TXD3,CSTM,ASTMD1640 
TMAT TXD3,CSTM,ASTMD2369 
TMAT TXD3,CSTM,ASTMD4400 
TMAT TXD3,CSTM,ASTMD521  
TMAT TXD3,CSTM,ASTMD523  
TMAT TXD3,CSTM,ASTMD711  
TMAT TXD3,CSTM,TX434     
TMAT TXD3,CSTM,TX839     
TMAT TXD3,CSTM,TX842     
TMAT TXD3,CSTM,TX863     
TMAT TXD3,CSTM,TX888     
TMAT TXD3,CSTM,TXTRCO    
TMAT TXD3,CSTM,TX890     
TMAT TXD1,CSTM,ASTMD562  
TMAT TXD2,CSTM,ASTMD562  
TMAT TXD3,CSTM,ASTMD562  
TMAT TXD4,CSTM,ASTMD1210 
TMAT TXD4,CSTM,ASTMD1475 
TMAT TXD4,CSTM,ASTMD1640 
TMAT TXD4,CSTM,ASTMD2369 
TMAT TXD4,CSTM,ASTMD4400 
TMAT TXD4,CSTM,ASTMD521  
TMAT TXD4,CSTM,ASTMD523  
TMAT TXD4,CSTM,ASTMD562  
TMAT TXD4,CSTM,ASTMD711  
TMAT TXD4,CSTM,TX434     
TMAT TXD4,CSTM,TX839     
TMAT TXD4,CSTM,TX842     
TMAT TXD4,CSTM,TX863     
TMAT TXD4,CSTM,TX888     
TMAT TXD4,CSTM,TX890     
TMAT TXD4,CSTM,TXTRCO    
CONC TXD1,CSTM,TX418     
CONC TXD2,CSTM,TX418     
HMAC TXD7,CSTM,TX406PII  
CONC TXD3,CSTM,TX418     
CONC TXD1,DIST,ASTMC1856A
CONC TXD2,DIST,ASTMC1856A
CONC TXD3,DIST,ASTMC1856A
CONC TXDO,DIST,ASTMC1856A
HMAC TXD7,CSTM,AASHTO269 
HMAC TXD7,CSTM,AASHTO308 
HMAC TXD7,CSTM,AASHTO312 
HMAC TXD7,CSTM,AASHTO324 
HMAC TXD7,CSTM,AASHTO331 
HMAC TXD7,CSTM,ASTMD6931 
HMAC TXD7,CSTM,TX206PI   
HMAC TXD7,CSTM,TX206PII  
HMAC TXD7,CSTM,TX207PI   
HMAC TXD7,CSTM,TX207PII  
HMAC TXD7,CSTM,TX207PIII 
HMAC TXD7,CSTM,TX207PVI  
HMAC TXD7,CSTM,TX207PVIII
HMAC TXD7,CSTM,TX210PI   
HMAC TXD7,CSTM,TX210PII  
HMAC TXD7,CSTM,TX210PIII 
HMAC TXD7,CSTM,TX210PIV  
HMAC TXD7,CSTM,TX217PI   
HMAC TXD7,CSTM,TX217PII  
HMAC TXD7,CSTM,TX225PI   
HMAC TXD7,CSTM,TX225PII  
HMAC TXD7,CSTM,TX227PIII 
HMAC TXD7,CSTM,TX227PII  
HMAC TXD7,CSTM,TX227PI   
HMAC TXD7,CSTM,TX406PI   
CONC TXD2,CSTM,TX448     
HMAC TXD7,CSTM,TX249     
HMAC TXD7,CSTM,TX460PI   
HMAC TXD7,CSTM,TX460PII  
HMAC TXD7,CSTM,TX500PI   
HMAC TXD7,CSTM,TX500PII  
HMAC TXD7,CSTM,TX500PIII 
HMAC TXD7,CSTM,TX500PIV  
HMAC TXD7,CSTM,TX500PV   
HMAC TXD7,CSTM,TX500PVI  
HMAC TXD7,CSTM,TX500PVII 
HMAC TXD7,CSTM,TX500PVIII
HMAC TXD7,CSTM,TX500PIX  
HMAC TXD7,CSTM,ASTMD3549 
HMAC TXD7,CSTM,AASHTOT305
HMAC TXD7,CSTM,AASHTOT329
HMAC TXD7,CSTM,AASHTOT355
HMAC TXD7,CSTM,T287      
SOIL TXD1,CSTM,TX621     
SOIL TXD1,CSTM,TXTRCH    
SOIL TXD2,CSTM,TX621     
SOIL TXD2,CSTM,TXTRCH    
SOIL TXD3,CSTM,TX621     
SOIL TXD3,CSTM,TXTRCH    
SOIL TXDO,CSTM,TX621     
SOIL TXDO,CSTM,TXTRCH    
CHEM TXD2,CSTM,TXCERT    
CONC FG1D,DIST,TX407     
CONC FG1D,DIST,TX415     
CONC FG1D,DIST,TX422     
CONC FG1D,DIST,TX423     
CONC FG1D,DIST,TX423B    
CONC FG1D,DIST,"TX447,I   "
CONC FG1D,DIST,"TX447,III "
CONC SCOM,DIST,TX418     
CONC SCOM,DIST,"TX450,III "
CONC SFLE,DIST,"TX447,II  "
CONC SFLE,DIST,TX448     
CONC TXD4,DIST,TX414     
CONC TXD4,DIST,TX416     
CONC TXD4,DIST,TX417     
CONC TXD4,DIST,TX423     
CONC TXD4,DIST,TX424     
CONC TXD4,DIST,"TX424,I   "
CONC TXD4,DIST,"TX424,III "
CONC TXD4,DIST,TX430     
CONC TXD4,DIST,TX436     
CONC TXD4,DIST,TX472     
CONC TXD1,CSTM,ASTMC1712 
CONC TXD1,CSTM,ASTMC1758 
CONC TXD2,CSTM,ASTMC1712 
CONC TXD2,CSTM,ASTMC1758 
CONC TXD3,CSTM,ASTMC1712 
CONC TXD3,CSTM,ASTMC1758 
CONC TXDO,CSTM,ASTMC1712 
CONC TXDO,CSTM,ASTMC1758 
HMAC TXD1,CSTM,AASHTOT305
HMAC TXD1,CSTM,AASHTOT329
HMAC TXD1,CSTM,AASHTOT355
HMAC TXD1,CSTM,ASTMD3549 
HMAC TXD2,CSTM,AASHTO110 
HMAC TXD2,CSTM,AASHTO164 
HMAC TXD2,CSTM,AASHTO166 
HMAC TXD2,CSTM,AASHTO209 
HMAC TXD2,CSTM,AASHTO269 
HMAC TXD2,CSTM,AASHTO308 
HMAC TXD2,CSTM,AASHTO312 
HMAC TXD2,CSTM,AASHTO324 
HMAC TXD2,CSTM,AASHTO331 
HMAC TXD2,CSTM,AASHTOR59 
HMAC TXD2,CSTM,AASHTOT30 
HMAC TXD2,CSTM,AASHTOT305
HMAC TXD2,CSTM,AASHTOT329
HMAC TXD2,CSTM,AASHTOT355
HMAC TXD2,CSTM,ASTMD3549 
HMAC TXD2,CSTM,ASTMD6931 
HMAC TXD2,CSTM,T287      
HMAC TXD3,CSTM,AASHTOR59 
HMAC TXD3,CSTM,AASHTOT30 
HMAC TXD3,CSTM,AASHTO110 
HMAC TXD3,CSTM,AASHTO164 
HMAC TXD3,CSTM,AASHTO166 
HMAC TXD3,CSTM,AASHTO209 
HMAC TXD3,CSTM,ASTMD2041 
HMAC TXD3,CSTM,AASHTO269 
HMAC TXD3,CSTM,AASHTO308 
HMAC TXD3,CSTM,AASHTO312 
HMAC TXD3,CSTM,AASHTO324 
HMAC TXD3,CSTM,AASHTO331 
HMAC TXD3,CSTM,T287      
HMAC TXD3,CSTM,AASHTOT305
HMAC TXD3,CSTM,AASHTOT329
HMAC TXD3,CSTM,AASHTOT355
HMAC TXD3,CSTM,ASTMD3549 
HMAC TXD3,CSTM,ASTMD6931 
HMAC TXD2,CSTM,ASTMD2041 
HMAC TXDO,CSTM,AASHTOR59 
HMAC TXDO,CSTM,AASHTOT30 
HMAC TXDO,CSTM,AASHTO110 
HMAC TXDO,CSTM,AASHTO164 
HMAC TXDO,CSTM,AASHTO166 
HMAC TXDO,CSTM,AASHTO209 
HMAC TXDO,CSTM,ASTMD2041 
HMAC TXDO,CSTM,AASHTO269 
HMAC TXDO,CSTM,AASHTO308 
HMAC TXDO,CSTM,AASHTO312 
HMAC TXDO,CSTM,AASHTO324 
HMAC TXDO,CSTM,AASHTO331 
HMAC TXDO,CSTM,T287      
HMAC TXDO,CSTM,AASHTOT305
HMAC TXDO,CSTM,AASHTOT329
HMAC TXDO,CSTM,AASHTOT355
HMAC TXDO,CSTM,ASTMD3549 
HMAC TXDO,CSTM,ASTMD6931 
HMAC TXD4,CSTM,TX242     
HMAC TXD4,CSTM,TX244     
HMAC TXD4,CSTM,TX280     
HMAC TXD4,CSTM,TX400     
HMAC TXD4,CSTM,TX401     
HMAC TXD4,CSTM,TX401-2   
HMAC TXD4,CSTM,TX402     
HMAC TXD4,CSTM,TX404     
HMAC TXD4,CSTM,TX406     
HMAC TXD4,CSTM,TX408     
HMAC TXD4,CSTM,TX413     
HMAC TXD4,CSTM,TX460     
HMAC TXD4,CSTM,TX461     
HMAC TXD4,CSTM,TX530     
HMAC TXD4,CSTM,TX107     
HMAC TXD4,CSTM,TX201     
HMAC TXD4,CSTM,TX206     
HMAC TXD4,CSTM,TX207     
HMAC TXD4,CSTM,"TX207,27  "
HMAC TXD4,CSTM,TX207PT4  
HMAC TXD4,CSTM,TX207V    
HMAC TXD4,CSTM,TX207VII  
HMAC TXD4,CSTM,TX208     
HMAC TXD4,CSTM,"TX208,31  "
HMAC TXD4,CSTM,TX210     
CEMT TXD1,CSTM,ASTMC305  
CEMT TXD1,CSTM,ASTMC1702 
CEMT TXD2,CSTM,ASTMC305  
CEMT TXD2,CSTM,ASTMC1437 
CEMT TXD2,CSTM,ASTMC1702 
CEMT TXD3,CSTM,ASTMC1437 
CEMT TXD3,CSTM,ASTMC305  
CEMT TXD3,CSTM,ASTMC1702 
STLB TXD1,CSTM,TXTRCN    
STRU FG1 ,CSTM,TX407     
STRU FG1 ,CSTM,TX414     
STRU FG1 ,CSTM,TX415     
STRU FG1 ,CSTM,TX416     
STRU FG1 ,CSTM,TX417     
STRU FG1 ,CSTM,TX422     
STRU FG1 ,CSTM,TX447     
HMAC TXD4,CSTM,TX211     
HMAC TXD4,CSTM,TX212     
HMAC TXD4,CSTM,TX213     
HMAC TXD4,CSTM,TX217     
HMAC TXD4,CSTM,TX221     
HMAC TXD4,CSTM,TX222     
HMAC TXD4,CSTM,TX224     
HMAC TXD4,CSTM,TX225     
HMAC TXD4,CSTM,TX226     
HMAC TXD4,CSTM,TX227     
HMAC TXD4,CSTM,TX228     
HMAC TXD4,CSTM,TX233     
HMAC TXD4,CSTM,TX235     
HMAC TXD4,CSTM,TX236     
HMAC TXD4,CSTM,TX241     
HMAC TXD4,CSTM,TX246     
HMAC TXD4,CSTM,TX244-4   
HMAC TXD4,CSTM,"TX207,27A "
HMAC TXD4,CSTM,TX245     
HMAC TXD4,CSTM,TX207V-4  
HMAC TXD4,CSTM,TX500     
HMAC TXD4,CSTM,TX217PIII 
HMAC TXD4,CSTM,TX212P1   
HMAC TXD4,CSTM,TX406PIII 
HMAC TXD4,CSTM,AASHTOR59 
HMAC TXD4,CSTM,AASHTOT30 
HMAC TXD4,CSTM,AASHTO110 
HMAC TXD4,CSTM,AASHTO164 
HMAC TXD4,CSTM,AASHTO166 
HMAC TXD4,CSTM,AASHTO209 
HMAC TXD4,CSTM,ASTMD2041 
HMAC TXD4,CSTM,AASHTO269 
HMAC TXD4,CSTM,AASHTO308 
HMAC TXD4,CSTM,AASHTO312 
HMAC TXD4,CSTM,AASHTO324 
HMAC TXD4,CSTM,AASHTO331 
HMAC TXD4,CSTM,ASTMD6931 
HMAC TXD4,CSTM,TX206PI   
HMAC TXD4,CSTM,TX206PII  
HMAC TXD4,CSTM,TX207PI   
HMAC TXD4,CSTM,TX207PII  
HMAC TXD4,CSTM,TX207PIII 
HMAC TXD4,CSTM,TX207PVI  
HMAC TXD4,CSTM,TX207PVIII
HMAC TXD4,CSTM,TX210PI   
HMAC TXD4,CSTM,TX210PII  
HMAC TXD4,CSTM,TX210PIII 
HMAC TXD4,CSTM,TX210PIV  
HMAC TXD4,CSTM,TX217PI   
HMAC TXD4,CSTM,TX217PII  
HMAC TXD4,CSTM,TX225PI   
HMAC TXD4,CSTM,TX225PII  
HMAC TXD4,CSTM,TX227PI   
HMAC TXD4,CSTM,TX227PII  
HMAC TXD4,CSTM,TX227PIII 
HMAC TXD4,CSTM,TX406PI   
HMAC TXD4,CSTM,TX406PII  
HMAC TXD4,CSTM,TX249     
HMAC TXD4,CSTM,TX460PI   
HMAC TXD4,CSTM,TX460PII  
HMAC TXD4,CSTM,TX500PI   
HMAC TXD4,CSTM,TX500PII  
HMAC TXD4,CSTM,TX500PIII 
HMAC TXD4,CSTM,TX500PIV  
HMAC TXD4,CSTM,TX500PV   
HMAC TXD4,CSTM,TX500PVI  
HMAC TXD4,CSTM,TX500PVII 
HMAC TXD4,CSTM,TX500PVIII
HMAC TXD4,CSTM,TX500PIX  
HMAC TXD4,CSTM,ASTMD3549 
HMAC TXD4,CSTM,AASHTOT305
HMAC TXD4,CSTM,AASHTOT329
HMAC TXD4,CSTM,AASHTOT355
HMAC TXD4,CSTM,T287      
HMAC TXD5,CSTM,TX242     
HMAC TXD5,CSTM,TX244     
HMAC TXD5,CSTM,TX280     
HMAC TXD5,CSTM,TX400     
HMAC TXD5,CSTM,TX401     
HMAC TXD5,CSTM,TX401-2   
HMAC TXD5,CSTM,TX402     
HMAC TXD5,CSTM,TX404     
HMAC TXD5,CSTM,TX406     
HMAC TXD5,CSTM,TX408     
HMAC TXD5,CSTM,TX413     
HMAC TXD5,CSTM,TX460     
HMAC TXD5,CSTM,TX461     
HMAC TXD5,CSTM,TX530     
HMAC TXD5,CSTM,TX107     
HMAC TXD5,CSTM,TX201     
HMAC TXD5,CSTM,TX206     
HMAC TXD5,CSTM,TX207     
HMAC TXD5,CSTM,"TX207,27  "
HMAC TXD5,CSTM,TX207PT4  
HMAC TXD5,CSTM,TX207V    
HMAC TXD5,CSTM,TX207VII  
HMAC TXD5,CSTM,TX208     
HMAC TXD5,CSTM,"TX208,31  "
HMAC TXD5,CSTM,TX210     
HMAC TXD5,CSTM,TX211     
HMAC TXD5,CSTM,TX212     
HMAC TXD5,CSTM,TX213     
HMAC TXD5,CSTM,TX217     
HMAC TXD5,CSTM,TX221     
HMAC TXD5,CSTM,TX222     
HMAC TXD5,CSTM,TX224     
HMAC TXD5,CSTM,TX225     
HMAC TXD5,CSTM,TX226     
HMAC TXD5,CSTM,TX227     
HMAC TXD5,CSTM,TX228     
HMAC TXD5,CSTM,TX233     
HMAC TXD5,CSTM,TX235     
HMAC TXD5,CSTM,TX236     
HMAC TXD5,CSTM,TX241     
HMAC TXD5,CSTM,TX246     
HMAC TXD5,CSTM,TX244-4   
HMAC TXD5,CSTM,"TX207,27A "
HMAC TXD5,CSTM,TX245     
HMAC TXD5,CSTM,TX207V-4  
HMAC TXD5,CSTM,TX500     
HMAC TXD5,CSTM,TX217PIII 
HMAC TXD5,CSTM,TX212P1   
HMAC TXD5,CSTM,TX406PIII 
HMAC TXD5,CSTM,AASHTOR59 
HMAC TXD5,CSTM,AASHTOT30 
HMAC TXD5,CSTM,AASHTO110 
HMAC TXD5,CSTM,AASHTO164 
HMAC TXD5,CSTM,AASHTO166 
HMAC TXD5,CSTM,AASHTO209 
HMAC TXD5,CSTM,ASTMD2041 
HMAC TXD5,CSTM,AASHTO269 
HMAC TXD5,CSTM,AASHTO308 
HMAC TXD5,CSTM,AASHTO312 
HMAC TXD5,CSTM,AASHTO324 
HMAC TXD5,CSTM,AASHTO331 
HMAC TXD5,CSTM,ASTMD6931 
HMAC TXD5,CSTM,TX206PI   
HMAC TXD5,CSTM,TX206PII  
HMAC TXD5,CSTM,TX207PI   
HMAC TXD5,CSTM,TX207PII  
HMAC TXD5,CSTM,TX207PIII 
HMAC TXD5,CSTM,TX207PVI  
HMAC TXD5,CSTM,TX207PVIII
HMAC TXD5,CSTM,TX210PI   
HMAC TXD5,CSTM,TX210PII  
HMAC TXD5,CSTM,TX210PIII 
HMAC TXD5,CSTM,TX210PIV  
HMAC TXD5,CSTM,TX217PI   
HMAC TXD5,CSTM,TX217PII  
HMAC TXD5,CSTM,TX225PI   
HMAC TXD5,CSTM,TX225PII  
HMAC TXD5,CSTM,TX227PI   
HMAC TXD5,CSTM,TX227PII  
HMAC TXD5,CSTM,TX227PIII 
HMAC TXD5,CSTM,TX406PI   
HMAC TXD5,CSTM,TX406PII  
HMAC TXD5,CSTM,TX249     
HMAC TXD5,CSTM,TX460PI   
HMAC TXD5,CSTM,TX460PII  
HMAC TXD5,CSTM,TX500PI   
HMAC TXD5,CSTM,TX500PII  
HMAC TXD5,CSTM,TX500PIII 
HMAC TXD5,CSTM,TX500PIV  
HMAC TXD5,CSTM,TX500PV   
HMAC TXD5,CSTM,TX500PVI  
HMAC TXD5,CSTM,TX500PVII 
HMAC TXD1,CSTM,AASHTOR59 
HMAC TXD1,CSTM,AASHTOT30 
HMAC TXD1,CSTM,AASHTO110 
HMAC TXD1,CSTM,AASHTO164 
HMAC TXD1,CSTM,AASHTO166 
HMAC TXD1,CSTM,AASHTO269 
HMAC TXD1,CSTM,AASHTO209 
HMAC TXD1,CSTM,AASHTO308 
HMAC TXD1,CSTM,AASHTO312 
HMAC TXD1,CSTM,AASHTO324 
HMAC TXD1,CSTM,AASHTO331 
HMAC TXD1,CSTM,ASTMD2041 
HMAC TXD1,CSTM,ASTMD6931 
HMAC TXD1,CSTM,T287      
CONC TXD1,CSTM,TX442     
HMAC TXD5,CSTM,TX500PVIII
HMAC TXD5,CSTM,TX500PIX  
HMAC TXD5,CSTM,ASTMD3549 
HMAC TXD5,CSTM,AASHTOT305
HMAC TXD5,CSTM,AASHTOT329
HMAC TXD5,CSTM,AASHTOT355
HMAC TXD5,CSTM,T287      
HMAC TXD6,CSTM,TX242     
HMAC TXD6,CSTM,TX244     
HMAC TXD6,CSTM,TX280     
HMAC TXD6,CSTM,TX400     
HMAC TXD6,CSTM,TX401     
HMAC TXD6,CSTM,TX401-2   
HMAC TXD6,CSTM,TX402     
HMAC TXD6,CSTM,TX404     
HMAC TXD6,CSTM,TX406     
HMAC TXD6,CSTM,TX408     
HMAC TXD6,CSTM,TX413     
HMAC TXD6,CSTM,TX460     
HMAC TXD6,CSTM,TX461     
HMAC TXD6,CSTM,TX530     
HMAC TXD6,CSTM,TX107     
HMAC TXD6,CSTM,TX201     
HMAC TXD6,CSTM,TX206     
HMAC TXD6,CSTM,TX207     
HMAC TXD6,CSTM,"TX207,27  "
HMAC TXD6,CSTM,TX207PT4  
HMAC TXD6,CSTM,TX207V    
HMAC TXD6,CSTM,TX207VII  
HMAC TXD6,CSTM,TX208     
HMAC TXD6,CSTM,"TX208,31  "
HMAC TXD6,CSTM,TX210     
HMAC TXD6,CSTM,TX211     
HMAC TXD6,CSTM,TX212     
HMAC TXD6,CSTM,TX213     
HMAC TXD6,CSTM,TX217     
HMAC TXD6,CSTM,TX221     
HMAC TXD6,CSTM,TX222     
HMAC TXD6,CSTM,TX224     
HMAC TXD6,CSTM,TX225     
HMAC TXD6,CSTM,TX226     
HMAC TXD6,CSTM,TX227     
HMAC TXD6,CSTM,TX228     
HMAC TXD6,CSTM,TX233     
HMAC TXD6,CSTM,TX235     
HMAC TXD6,CSTM,TX236     
HMAC TXD6,CSTM,TX241     
HMAC TXD6,CSTM,TX246     
HMAC TXD6,CSTM,TX244-4   
HMAC TXD6,CSTM,"TX207,27A "
HMAC TXD6,CSTM,TX245     
HMAC TXD6,CSTM,TX207V-4  
HMAC TXD6,CSTM,TX500     
HMAC TXD6,CSTM,TX217PIII 
HMAC TXD6,CSTM,TX212P1   
HMAC TXD6,CSTM,TX406PIII 
HMAC TXD6,CSTM,AASHTOR59 
HMAC TXD6,CSTM,AASHTOT30 
HMAC TXD6,CSTM,AASHTO110 
HMAC TXD6,CSTM,AASHTO164 
HMAC TXD6,CSTM,AASHTO166 
HMAC TXD6,CSTM,AASHTO209 
HMAC TXD6,CSTM,ASTMD2041 
HMAC TXD6,CSTM,AASHTO269 
HMAC TXD6,CSTM,AASHTO308 
HMAC TXD6,CSTM,AASHTO312 
HMAC TXD6,CSTM,AASHTO324 
HMAC TXD6,CSTM,AASHTO331 
HMAC TXD6,CSTM,ASTMD6931 
HMAC TXD6,CSTM,TX206PI   
HMAC TXD6,CSTM,TX206PII  
HMAC TXD6,CSTM,TX207PI   
HMAC TXD6,CSTM,TX207PII  
HMAC TXD6,CSTM,TX207PIII 
HMAC TXD6,CSTM,TX207PVI  
HMAC TXD6,CSTM,TX207PVIII
CALB TXDO,CSTM,TX900PI   
CALB TXDO,CSTM,TX900PII  
CALB TXDO,CSTM,TX900PIII 
CALB TXDO,CSTM,TX901PI   
CALB TXDO,CSTM,TX901PII  
CALB TXDO,CSTM,TX907     
CALB TXDO,CSTM,TX926PI   
CALB TXDO,CSTM,TX926PII  
SOIL TXD1,CSTM,TX145P2   
CALB TXDO,CSTM,TX926PIII 
SOIL TXD1,DIST,TX145P2   
SOIL TXD2,CSTM,TX145P2   
SOIL TXD3,DIST,TX145P2   
SOIL TXD3,CSTM,TX145P2   
SOIL TXD4,CSTM,TX145P2   
SOIL TXDO,CSTM,TX145P2   
SOIL TXDO,DIST,TX145P2   
CHEM TXD3,CSTM,TX600     
CHEM TXD3,CSTM,TX600PII  
CHEM TXD3,CSTM,TX600PIII 
CHEM TXD3,CSTM,TX600PIV  
CONC SCOM,CSTM,TX418     
CONC SCOM,CSTM,"TX450,III "
CONC FG1D,CSTM,TX407     
CONC FG1D,CSTM,TX415     
CONC FG1D,CSTM,TX422     
CONC FG1D,CSTM,TX423     
CONC FG1D,CSTM,TX423B    
CONC FG1D,CSTM,"TX447,I   "
CONC FG1D,CSTM,"TX447,III "
CONC SFLE,CSTM,"TX447,II  "
CONC SFLE,CSTM,TX448     
CONC TXD4,DIST,"TX447,III "
CHEM TXD1,CSTM,TX612     
CHEM TXD1,CSTM,TX625     
CHEM TXD1,CSTM,TX623     
CHEM TXD1,CSTM,TX624     
SOIL TXD2,DIST,ASTMD6951 
SOIL TXD2,DIST,TX280     
SOIL TXD2,DIST,TX400     
SOIL TXD2,DIST,TX401     
SOIL TXD2,DIST,TX402     
SOIL TXD2,DIST,TX403     
SOIL TXD2,DIST,TX404     
SOIL TXD2,DIST,TX405     
SOIL TXD2,DIST,TX406     
SOIL TXD2,DIST,TX409     
SOIL TXD2,DIST,TX413     
SOIL TXD2,DIST,TX460     
SOIL TXD2,DIST,TX461     
SOIL TXD2,DIST,TX100     
SOIL TXD2,DIST,TX101     
SOIL TXD2,DIST,TX102     
SOIL TXD2,DIST,TX103     
SOIL TXD2,DIST,TX104     
SOIL TXD2,DIST,TX105     
SOIL TXD2,DIST,TX106     
SOIL TXD2,DIST,TX107     
SOIL TXD2,DIST,TX110     
SOIL TXD2,DIST,TX111     
SOIL TXD2,DIST,TX113     
SOIL TXD2,DIST,TX114     
SOIL TXD2,DIST,TX115     
SOIL TXD2,DIST,TX116     
SOIL TXD2,DIST,TX117     
SOIL TXD2,DIST,TX120     
SOIL TXD2,DIST,TX121     
SOIL TXD2,DIST,TX128     
SOIL TXD2,DIST,TX129     
SOIL TXD2,DIST,TX130     
SOIL TXD2,DIST,TX140     
SOIL TXD2,DIST,TX200     
SOIL TXD2,DIST,TX203     
SOIL TXD2,DIST,TX145     
SOIL TXD2,DIST,TX145P2   
SOIL TXD2,DIST,TX142     
SOIL TXD2,DIST,TX409PI   
SOIL TXD2,DIST,TX409PII  
CHEM TXD1,CSTM,TX614     
CHEM TXD1,CSTM,TX618     
CHEM TXD3,CSTM,TX624     
CHEM TXD3,CSTM,TX625     
CHEM TXD3,CSTM,TX612     
SOIL 202,HMA ,TX117PI   
SOIL 202,HMA ,TX117PII  
CONC TXD1,CSTM,HCCMXDES14
CONC TXD1,DIST,HCCMXDES14
CONC TXD2,CSTM,HCCMXDES14
CONC TXD2,DIST,HCCMXDES14
CONC TXD3,CSTM,HCCMXDES14
CONC TXD3,DIST,HCCMXDES14
CONC TXD4,DIST,HCCMXDES14
CONC TXDO,CSTM,HCCMXDES14
CONC TXDO,DIST,HCCMXDES14
HMAC TXD1,CSTM,TX248     
HMAC TXD2,CSTM,TX248     
HMAC TXD3,CSTM,TX248     
HMAC TXD4,CSTM,TX248     
HMAC TXD5,CSTM,TX248     
HMAC TXD6,CSTM,TX248     
HMAC TXD7,CSTM,TX248     
HMAC TXDO,CSTM,TX248     
SOIL TXD1,CSTM,TX112     
SOIL TXD2,CSTM,TX112     
SOIL TXD3,CSTM,TX112     
SOIL TXD4,CSTM,TX112     
SOIL TXDO,CSTM,TX112     
SOIL TXD5,MTD ,ASTMD6951 
SOIL TXD5,MTD ,TX100     
SOIL TXD5,MTD ,TX101     
SOIL TXD5,MTD ,TX102     
SOIL TXD5,MTD ,TX103     
SOIL TXD5,MTD ,TX104     
SOIL TXD5,MTD ,TX105     
SOIL TXD5,MTD ,TX106     
SOIL TXD5,MTD ,TX107     
SOIL TXD5,MTD ,TX110     
SOIL TXD5,MTD ,TX110PII  
SOIL TXD5,MTD ,TX111     
SOIL TXD5,MTD ,TX112     
SOIL TXD5,MTD ,TX113     
SOIL TXD5,MTD ,TX114     
SOIL TXD5,MTD ,TX115     
SOIL TXD5,MTD ,TX115PII  
SOIL TXD5,MTD ,TX116     
SOIL TXD5,MTD ,TX117     
SOIL TXD5,MTD ,TX120     
SOIL TXD5,MTD ,TX121     
SOIL TXD5,MTD ,TX126     
SOIL TXD5,MTD ,TX127     
SOIL TXD5,MTD ,TX128     
SOIL TXD5,MTD ,TX129     
SOIL TXD5,MTD ,TX130     
SOIL TXD5,MTD ,TX140     
SOIL TXD5,MTD ,TX142     
SOIL TXD5,MTD ,TX144-14  
SOIL TXD5,MTD ,TX145     
SOIL TXD5,MTD ,TX145P2   
SOIL TXD5,MTD ,TX146     
SOIL TXD5,MTD ,TX148     
SOIL TXD5,MTD ,TX200     
SOIL TXD5,MTD ,TX201     
SOIL TXD5,MTD ,TX203     
SOIL TXD5,MTD ,TX280     
SOIL TXD5,MTD ,TXTRCH    
SOIL TXD5,MTD ,TX400     
SOIL TXD5,MTD ,TX401     
SOIL TXD5,MTD ,TX402     
SOIL TXD5,MTD ,TX403     
SOIL TXD5,MTD ,TX404     
SOIL TXD5,MTD ,TX405     
SOIL TXD5,MTD ,TX406     
SOIL TXD5,MTD ,TX408     
SOIL TXD5,MTD ,TX409     
SOIL TXD5,MTD ,TX409PI   
SOIL TXD5,MTD ,TX409PII  
SOIL TXD5,MTD ,TX621     
SOIL TXD5,MTD ,TX413     
SOIL TXD5,MTD ,TX460     
SOIL TXD5,MTD ,TX461     
CONC TXD4,DIST,TX423PII  
AGGR TXD4,CSTM,TX280     
AGGR TXD4,CSTM,TX400     
AGGR TXD4,CSTM,TX401     
AGGR TXD4,CSTM,TX402     
AGGR TXD4,CSTM,TX403     
AGGR TXD4,CSTM,TX404     
AGGR TXD4,CSTM,TX406     
AGGR TXD4,CSTM,TX405     
AGGR TXD4,CSTM,TX408     
AGGR TXD4,CSTM,TX410     
AGGR TXD4,CSTM,TX411     
AGGR TXD4,CSTM,TX411M    
AGGR TXD4,CSTM,TX411S    
AGGR TXD4,CSTM,TX413     
AGGR TXD4,CSTM,TX431     
AGGR TXD4,CSTM,TX432     
AGGR TXD4,CSTM,TX433     
AGGR TXD4,CSTM,TX438     
AGGR TXD4,CSTM,TX460     
AGGR TXD4,CSTM,TX461     
AGGR TXD4,CSTM,TX200     
AGGR TXD4,CSTM,TX201     
AGGR TXD4,CSTM,TX212     
AGGR TXD4,CSTM,TX217     
AGGR TXD4,CSTM,TX221     
AGGR TXD4,CSTM,TX224     
AGGR TXD4,CSTM,TX217PIII 
AGGR TXD4,CSTM,TX217PII  
AGGR TXD4,CSTM,TX217PI   
AGGR TXD4,CSTM,TX406PIII 
AGGR TXD4,CSTM,TX406PII  
AGGR TXD4,CSTM,TX406PI   
AGGR TXD4,CSTM,TX409PI   
AGGR TXD4,CSTM,TX409PII  
AGGR TXD4,CSTM,TX460PI   
SOIL TXD4,CSTM,TX280     
SOIL TXD4,CSTM,TX400     
SOIL TXD4,CSTM,TX401     
SOIL TXD4,CSTM,TX402     
SOIL TXD4,CSTM,TX403     
SOIL TXD4,CSTM,TX404     
SOIL TXD4,CSTM,TX405     
SOIL TXD4,CSTM,TX406     
SOIL TXD4,CSTM,TX409     
SOIL TXD4,CSTM,TX413     
SOIL TXD4,CSTM,TX460     
SOIL TXD4,CSTM,TX461     
SOIL TXD4,CSTM,TX100     
SOIL TXD4,CSTM,TX101     
SOIL TXD4,CSTM,TX102     
SOIL TXD4,CSTM,TX103     
SOIL TXD4,CSTM,TX104     
SOIL TXD4,CSTM,TX105     
SOIL TXD4,CSTM,TX106     
SOIL TXD4,CSTM,TX107     
SOIL TXD4,CSTM,TX110     
SOIL TXD4,CSTM,TX111     
SOIL TXD4,CSTM,TX113     
SOIL TXD4,CSTM,TX114     
SOIL TXD4,CSTM,TX115     
SOIL TXD4,CSTM,TX116     
SOIL TXD4,CSTM,TX117     
SOIL TXD4,CSTM,TX120     
SOIL TXD4,CSTM,TX121     
SOIL TXD4,CSTM,TX126     
SOIL TXD4,CSTM,TX127     
SOIL TXD4,CSTM,TX128     
SOIL TXD4,CSTM,TX129     
SOIL TXD4,CSTM,TX130     
SOIL TXD4,CSTM,TX140     
SOIL TXD4,CSTM,TX200     
SOIL TXD4,CSTM,TX203     
SOIL TXD4,CSTM,TX145     
SOIL TXD4,CSTM,TX146     
SOIL TXD4,CSTM,TX142     
SOIL TXD4,CSTM,TX144     
SOIL TXD4,CSTM,TX409PI   
SOIL TXD4,CSTM,TX409PII  
SOIL TXD4,CSTM,ASTMD6951 
SOIL TXD4,CSTM,TX148     
SOIL TXD4,CSTM,TXTRCH    
SOIL TXD4,CSTM,TX621     
SOIL TXD4,CSTM,TX110PII  
SOIL TXD4,CSTM,TX115PII  
SOIL TXD4,CSTM,TX144-14  
STLB TXD3,CSTM,ASTME290  
STLB TXDO,CSTM,ASTME290  
STLB TXD2,CSTM,ASTME290  
STLB TXD1,CSTM,ASTME290  
STRU TXDO,TXDO,TXTRSTQM  
CONC TXD4,CSTM,ASTMC109  
CONC TXD4,CSTM,ASTMC1090 
CONC TXD4,CSTM,ASTMC1202 
CONC TXD4,CSTM,ASTMC1260 
CONC TXD4,CSTM,ASTMC232  
CONC TXD4,CSTM,ASTMC1399 
CONC TXD4,CSTM,ASTMC157  
CONC TXD4,CSTM,ASTMC1609 
CONC TXD4,CSTM,ASTMC1610 
CONC TXD4,CSTM,ASTMC1611 
CONC TXD4,CSTM,ASTMC1621 
CONC TXD4,CSTM,ASTMC1712 
CONC TXD4,CSTM,ASTMC1741 
CONC TXD4,CSTM,ASTMC1758 
CONC TXD4,CSTM,ASTMC1856 
CONC TXD4,CSTM,ASTMC1856A
CONC TXD4,CSTM,ASTMC403  
CONC TXD4,CSTM,ASTMC469  
CONC TXD4,CSTM,ASTMC882  
CONC TXD4,CSTM,ASTMC953  
CONC TXD4,CSTM,HCCMXDES14
CONC TXD4,CSTM,TX421     
CONC TXD4,CSTM,TX423     
CONC TXD4,CSTM,TX423B    
CONC TXD4,CSTM,TX424     
CONC TXD4,CSTM,"TX424,I   "
CONC TXD4,CSTM,"TX424,III "
CONC TXD4,CSTM,TX428     
CONC TXD4,CSTM,TX430     
CONC TXD4,CSTM,TX437     
CONC TXD4,CSTM,"TX437,II  "
CONC TXD4,CSTM,TX440     
CONC TXD4,CSTM,TX441     
CONC TXD4,CSTM,TX442     
CHEM TXD3,CSTM,TX406PIII 
CHEM TXD4,CSTM,TX617     
CHEM TXD4,CSTM,TX616     
CHEM TXD4,CSTM,TX619     
CHEM TXD4,CSTM,TX620     
CHEM TXD4,CSTM,TX623     
CHEM TXD4,CSTM,TX627     
CHEM TXD4,CSTM,TX888     
CHEM TXD5,CSTM,TX612     
SOIL TXD3,DIST,TX130     
CALB TXDO,DIST,TX901PI   
CHEM TXD1,CSTM,TX406PIII 
CHEM TXD1,CSTM,TX627     
CHEM TXD1,CSTM,TX888     
CHEM TXD1,CSTM,TX5507833 
CHEM TXD3,CSTM,TX614     
CHEM TXD3,CSTM,TX617     
CHEM TXD3,CSTM,TX618     
CHEM TXD3,CSTM,TX888     
CHEM TXD3,CSTM,TX5507833 
CHEM TXD3,CSTM,TX619     
CHEM TXD3,CSTM,TX620     
